metric,value
Year=2018,299233
Year=2015,105278
Year=2022,587039
Year=2014,72689
Year=2019,515625
Year=2020,697723
Year=2016,145810
Year=2017,218829
Year=2021,717334
Free=true; Genre=EDUCATION; Year=2021,81740
Free=true; Genre=EDUCATION; Year=2020,81976
Year=2021; Score=[0 - 1],664865
Year=2019; Score=[0 - 1],461023
Year=2022; Score=[0 - 1],557494
Year=2020; Score=[0 - 1],637929
Year=2015; Score=[0 - 1],71800
Year=2018; Score=[0 - 1],252282
Year=2017; Score=[0 - 1],175171
Year=2016; Score=[0 - 1],109308
Price=[0 - 50]; Genre=TRAVEL_AND_LOCAL; Installs=[0 - 100000],86536
Price=[0 - 50]; Genre=GAME_ARCADE; Installs=[0 - 100000],73440
Price=[0 - 50]; Genre=PERSONALIZATION; Installs=[0 - 100000],92006
Price=[0 - 50]; Genre=PRODUCTIVITY; Installs=[0 - 100000],141992
Price=[0 - 50]; Genre=BOOKS_AND_REFERENCE; Installs=[0 - 100000],135423
Price=[0 - 50]; Genre=ENTERTAINMENT; Installs=[0 - 100000],194438
Price=[0 - 50]; Genre=COMMUNICATION; Installs=[0 - 100000],76113
Price=[0 - 50]; Genre=GAME_CASUAL; Installs=[0 - 100000],77992
Price=[0 - 50]; Genre=LIFESTYLE; Installs=[0 - 100000],156662
Price=[0 - 50]; Genre=FOOD_AND_DRINK; Installs=[0 - 100000],122247
Price=[0 - 50]; Genre=GAME_PUZZLE; Installs=[0 - 100000],69651
Price=[0 - 50]; Genre=TOOLS; Installs=[0 - 100000],218002
Price=[0 - 50]; Genre=FINANCE; Installs=[0 - 100000],96022
Price=[0 - 50]; Genre=MUSIC_AND_AUDIO; Installs=[0 - 100000],208657
Price=[0 - 50]; Genre=EDUCATION; Installs=[0 - 100000],373242
Price=[0 - 50]; Genre=SHOPPING; Installs=[0 - 100000],155690
Price=[0 - 50]; Genre=BUSINESS; Installs=[0 - 100000],245017
Year=2022; AdSupported=false,272972
Year=2017; AdSupported=false,125680
Year=2018; AdSupported=true,122740
Year=2018; AdSupported=false,176493
Year=2019; AdSupported=true,201771
Year=2019; AdSupported=false,313854
Year=2016; AdSupported=false,86740
Year=2020; AdSupported=true,277422
Year=2021; AdSupported=false,403689
Year=2020; AdSupported=false,420301
Year=2022; AdSupported=true,314067
Year=2021; AdSupported=true,313645
Year=2017; AdSupported=true,93149
Year=2017; Rating=[150000 - 160000],41
Year=2011; Rating=[10000 - 20000],519
Year=2020; Rating=[90000 - 100000],97
Year=2016; Rating=[60000 - 70000],179
Year=2018; Rating=[50000 - 60000],210
Year=2013; Rating=[110000 - 120000],39
Year=2020; Rating=[0 - 10000],693268
Year=2010; Rating=[0 - 10000],3852
Year=2017; Rating=[130000 - 140000],48
Year=2012; Rating=[50000 - 60000],110
Year=2019; Rating=[610000 - 620000],2
Year=2019; Rating=[30000 - 40000],449
Year=2019; Rating=[130000 - 140000],47
Year=2021; Rating=[130000 - 140000],19
Year=2018; Rating=[230000 - 240000],17
Year=2018; Rating=[20000 - 30000],651
Year=2020; Rating=[10000 - 20000],1621
Year=2021; Rating=[350000 - 360000],2
Year=2019; Rating=[60000 - 70000],156
Year=2021; Rating=[190000 - 200000],9
Year=2020; Rating=[510000 - 520000],2
Year=2013; Rating=[150000 - 160000],30
Year=2016; Rating=[610000 - 620000],6
Year=2017; Rating=[10000 - 20000],1749
Year=2012; Rating=[90000 - 100000],33
Year=2015; Rating=[150000 - 160000],40
Year=2020; Rating=[30000 - 40000],441
Year=2018; Rating=[40000 - 50000],282
Year=2019; Rating=[50000 - 60000],224
Year=2019; Rating=[10000 - 20000],1756
Year=2017; Rating=[80000 - 90000],111
Year=2013; Rating=[10000 - 20000],980
Year=2019; Rating=[160000 - 170000],34
Year=2022; Rating=[0 - 10000],586213
Year=2017; Rating=[50000 - 60000],225
Year=2017; Rating=[20000 - 30000],765
Year=2020; Rating=[50000 - 60000],213
Year=2016; Rating=[80000 - 90000],97
Year=2021; Rating=[60000 - 70000],92
Year=2012; Rating=[70000 - 80000],77
Year=2012; Rating=[950000 - 960000],2
Year=2018; Rating=[70000 - 80000],116
Year=2014; Rating=[30000 - 40000],388
Year=2017; Rating=[0 - 10000],213940
Year=2017; Rating=[90000 - 100000],84
Year=2011; Rating=[70000 - 80000],51
Year=2014; Rating=[2150000 - 2160000],1
Year=2016; Rating=[40000 - 50000],278
Year=2016; Rating=[100000 - 110000],76
Year=2014; Rating=[90000 - 100000],100
Year=2018; Rating=[80000 - 90000],107
Year=2019; Rating=[40000 - 50000],315
Year=2014; Rating=[60000 - 70000],137
Year=2015; Rating=[30000 - 40000],394
Year=2021; Rating=[90000 - 100000],41
Year=2019; Rating=[240000 - 250000],16
Year=2020; Rating=[80000 - 90000],101
Year=2022; Rating=[30000 - 40000],84
Year=2014; Rating=[5780000 - 5790000],1
Year=2017; Rating=[30000 - 40000],468
Year=2019; Rating=[70000 - 80000],141
Year=2013; Rating=[3540000 - 3550000],1
Year=2021; Rating=[70000 - 80000],84
Year=2020; Rating=[20000 - 30000],727
Year=2018; Rating=[0 - 10000],294664
Year=2011; Rating=[50000 - 60000],79
Year=2018; Rating=[990000 - 1000000],3
Year=2021; Rating=[10000 - 20000],1152
Year=2018; Rating=[310000 - 320000],10
Year=2017; Rating=[240000 - 250000],18
Year=2015; Rating=[50000 - 60000],170
Year=2017; Rating=[70000 - 80000],114
Year=2016; Rating=[170000 - 180000],27
Year=2018; Rating=[10000 - 20000],1661
Year=2021; Rating=[0 - 10000],714442
Year=2019; Rating=[870000 - 880000],3
Year=2022; Rating=[130000 - 140000],7
Year=2021; Rating=[50000 - 60000],146
Year=2022; Rating=[120000 - 130000],4
Year=2019; Rating=[1880000 - 1890000],1
Year=2014; Rating=[1750000 - 1760000],1
Year=2014; Rating=[210000 - 220000],27
Year=2019; Rating=[450000 - 460000],3
Year=2019; Rating=[320000 - 330000],13
Year=2014; Rating=[0 - 10000],68361
Year=2013; Rating=[30000 - 40000],267
Year=2016; Rating=[30000 - 40000],430
Year=2015; Rating=[4460000 - 4470000],1
Year=2019; Rating=[0 - 10000],510782
Year=2021; Rating=[120000 - 130000],25
Year=2015; Rating=[80000 - 90000],102
Year=2016; Rating=[360000 - 370000],13
Year=2018; Rating=[680000 - 690000],2
Year=2015; Rating=[70000 - 80000],122
Year=2018; Rating=[150000 - 160000],25
Year=2015; Rating=[190000 - 200000],19
Year=2020; Rating=[150000 - 160000],30
Year=2015; Rating=[160000 - 170000],35
Year=2012; Rating=[20000 - 30000],318
Year=2015; Rating=[40000 - 50000],244
Year=2022; Rating=[50000 - 60000],31
Year=2020; Rating=[140000 - 150000],45
Year=2015; Rating=[10000 - 20000],1386
Year=2013; Rating=[20000 - 30000],462
Year=2015; Rating=[530000 - 540000],2
Year=2017; Rating=[680000 - 690000],5
Year=2014; Rating=[160000 - 170000],26
Year=2021; Rating=[40000 - 50000],175
Year=2016; Rating=[160000 - 170000],37
Year=2016; Rating=[70000 - 80000],131
Year=2018; Rating=[750000 - 760000],3
Year=2014; Rating=[10000 - 20000],1313
Year=2020; Rating=[100000 - 110000],68
Year=2016; Rating=[110000 - 120000],44
Year=2014; Rating=[40000 - 50000],269
Year=2014; Rating=[320000 - 330000],9
Year=2012; Rating=[0 - 10000],24468
Year=2012; Rating=[360000 - 370000],4
Year=2020; Rating=[270000 - 280000],9
Year=2022; Rating=[20000 - 30000],152
Year=2018; Rating=[120000 - 130000],53
Year=2013; Rating=[430000 - 440000],8
Year=2016; Rating=[20000 - 30000],675
Year=2020; Rating=[600000 - 610000],7
Year=2013; Rating=[50000 - 60000],127
Year=2021; Rating=[20000 - 30000],490
Year=2016; Rating=[420000 - 430000],7
Year=2015; Rating=[20000 - 30000],643
Year=2017; Rating=[40000 - 50000],291
Year=2020; Rating=[310000 - 320000],7
Year=2013; Rating=[3930000 - 3940000],1
Year=2019; Rating=[190000 - 200000],32
Year=2014; Rating=[150000 - 160000],28
Year=2018; Rating=[30000 - 40000],426
Year=2011; Rating=[410000 - 420000],3
Year=2020; Rating=[360000 - 370000],10
Year=2015; Rating=[170000 - 180000],35
Year=2019; Rating=[20000 - 30000],788
Year=2020; Rating=[130000 - 140000],38
Year=2020; Rating=[40000 - 50000],265
Year=2021; Rating=[30000 - 40000],276
Year=2022; Rating=[10000 - 20000],417
Year=2020; Rating=[120000 - 130000],48
Year=2018; Rating=[110000 - 120000],57
Year=2018; Rating=[970000 - 980000],2
Year=2012; Rating=[10000 - 20000],707
Year=2019; Rating=[200000 - 210000],19
Year=2014; Rating=[20000 - 30000],666
Year=2019; Rating=[110000 - 120000],70
Year=2019; Rating=[90000 - 100000],89
Year=2014; Rating=[200000 - 210000],13
Year=2014; Rating=[50000 - 60000],197
Year=2010; Rating=[70000 - 80000],19
Year=2018; Rating=[1720000 - 1730000],1
Year=2019; Rating=[290000 - 300000],9
Year=2014; Rating=[120000 - 130000],61
Year=2013; Rating=[0 - 10000],41785
Year=2017; Rating=[250000 - 260000],20
Year=2021; Rating=[940000 - 950000],2
Year=2014; Rating=[70000 - 80000],135
Year=2018; Rating=[60000 - 70000],142
Year=2020; Rating=[180000 - 190000],17
Year=2020; Rating=[160000 - 170000],28
Year=2016; Rating=[10000 - 20000],1498
Year=2012; Rating=[300000 - 310000],10
Year=2015; Rating=[990000 - 1000000],3
Year=2015; Rating=[280000 - 290000],8
Year=2019; Rating=[720000 - 730000],1
Year=2022; Rating=[60000 - 70000],25
Year=2011; Rating=[0 - 10000],13250
Year=2011; Rating=[1310000 - 1320000],1
Year=2015; Rating=[60000 - 70000],165
Year=2016; Rating=[90000 - 100000],104
Year=2018; Rating=[90000 - 100000],98
Year=2018; Rating=[480000 - 490000],6
Year=2011; Rating=[30000 - 40000],141
Year=2015; Rating=[550000 - 560000],2
Year=2010; Rating=[10000 - 20000],206
Year=2011; Rating=[110000 - 120000],33
Year=2017; Rating=[750000 - 760000],5
Year=2019; Rating=[180000 - 190000],21
Year=2013; Rating=[70000 - 80000],88
Year=2018; Rating=[470000 - 480000],4
Year=2015; Rating=[0 - 10000],101039
Year=2016; Rating=[0 - 10000],141294
Year=2015; Rating=[370000 - 380000],6
Year=2013; Rating=[210000 - 220000],17
Year=2014; Rating=[110000 - 120000],58
Year=2010; Rating=[20000 - 30000],125
Year=2015; Rating=[980000 - 990000],2
Year=2018; Rating=[710000 - 720000],3
Year=2017; Rating=[170000 - 180000],30
Year=2011; Rating=[250000 - 260000],3
Year=2017; Rating=[2720000 - 2730000],1
Year=2015; Rating=[410000 - 420000],4
Year=2013; Rating=[1250000 - 1260000],2
Year=2013; Rating=[19490000 - 19500000],1
Year=2017; Rating=[1090000 - 1100000],1
Year=2019; Rating=[270000 - 280000],6
Year=2016; Rating=[250000 - 260000],11
Year=2015; Rating=[90000 - 100000],68
Year=2014; Rating=[540000 - 550000],2
Year=2010; Rating=[390000 - 400000],3
Year=2017; Rating=[11400000 - 11410000],1
Year=2015; Rating=[2660000 - 2670000],1
Year=2014; Rating=[220000 - 230000],27
Year=2017; Rating=[160000 - 170000],35
Year=2018; Rating=[1350000 - 1360000],1
Year=2021; Rating=[200000 - 210000],5
Year=2011; Rating=[260000 - 270000],11
Year=2013; Rating=[5060000 - 5070000],1
Year=2012; Rating=[80000 - 90000],62
Year=2017; Rating=[330000 - 340000],14
Year=2018; Rating=[390000 - 400000],10
Year=2012; Rating=[200000 - 210000],13
Year=2020; Rating=[2070000 - 2080000],1
Year=2015; Rating=[100000 - 110000],79
Year=2015; Rating=[740000 - 750000],6
Year=2017; Rating=[480000 - 490000],6
Year=2012; Rating=[490000 - 500000],3
Year=2017; Rating=[100000 - 110000],74
Year=2021; Rating=[170000 - 180000],17
Year=2019; Rating=[1010000 - 1020000],3
Year=2021; Rating=[100000 - 110000],39
Year=2013; Rating=[130000 - 140000],30
Year=2013; Rating=[700000 - 710000],4
Year=2020; Rating=[60000 - 70000],150
Year=2013; Rating=[90000 - 100000],51
Year=2011; Rating=[100000 - 110000],27
Year=2016; Rating=[300000 - 310000],12
Year=2016; Rating=[50000 - 60000],199
Year=2017; Rating=[60000 - 70000],154
Year=2018; Rating=[210000 - 220000],18
Year=2019; Rating=[80000 - 90000],97
Year=2021; Rating=[540000 - 550000],2
Year=2019; Rating=[210000 - 220000],18
Year=2015; Rating=[140000 - 150000],49
Year=2011; Rating=[40000 - 50000],107
Year=2015; Rating=[360000 - 370000],7
Year=2012; Rating=[30000 - 40000],190
Year=2015; Rating=[1760000 - 1770000],2
Year=2012; Rating=[40000 - 50000],155
Year=2016; Rating=[650000 - 660000],4
Year=2016; Rating=[510000 - 520000],4
Year=2019; Rating=[300000 - 310000],11
Year=2017; Rating=[920000 - 930000],2
Year=2015; Rating=[260000 - 270000],15
Year=2015; Rating=[4310000 - 4320000],1
Year=2018; Rating=[220000 - 230000],14
Year=2014; Rating=[530000 - 540000],4
Year=2014; Rating=[80000 - 90000],103
Year=2021; Rating=[320000 - 330000],2
Year=2012; Rating=[230000 - 240000],10
Year=2015; Rating=[1620000 - 1630000],2
Year=2016; Rating=[150000 - 160000],32
Year=2012; Rating=[570000 - 580000],5
Year=2017; Rating=[270000 - 280000],12
Year=2011; Rating=[15650000 - 15660000],1
Year=2016; Rating=[410000 - 420000],13
Year=2019; Rating=[630000 - 640000],2
Year=2013; Rating=[60000 - 70000],91
Year=2016; Rating=[130000 - 140000],44
Year=2012; Rating=[160000 - 170000],17
Year=2018; Rating=[100000 - 110000],70
Year=2014; Rating=[2090000 - 2100000],2
Year=2017; Rating=[230000 - 240000],18
Year=2019; Rating=[620000 - 630000],3
Year=2022; Rating=[40000 - 50000],29
Year=2019; Rating=[520000 - 530000],4
Year=2011; Rating=[20000 - 30000],226
Year=2016; Rating=[750000 - 760000],2
Year=2020; Rating=[530000 - 540000],2
Year=2020; Rating=[70000 - 80000],128
Year=2020; Rating=[330000 - 340000],8
Year=2017; Rating=[220000 - 230000],21
Year=2015; Rating=[110000 - 120000],52
Year=2014; Rating=[590000 - 600000],2
Year=2018; Rating=[170000 - 180000],32
Year=2017; Rating=[110000 - 120000],58
Year=2020; Rating=[930000 - 940000],2
Year=2012; Rating=[1150000 - 1160000],4
Year=2014; Rating=[280000 - 290000],15
Year=2020; Rating=[550000 - 560000],3
Year=2015; Rating=[490000 - 500000],4
Year=2020; Rating=[290000 - 300000],11
Year=2012; Rating=[260000 - 270000],8
Year=2012; Rating=[450000 - 460000],3
Year=2010; Rating=[270000 - 280000],5
Year=2010; Rating=[30000 - 40000],65
Year=2010; Rating=[50000 - 60000],43
Year=2010; Rating=[540000 - 550000],2
Year=2021; Rating=[450000 - 460000],2
Year=2015; Rating=[430000 - 440000],7
Year=2010; Rating=[290000 - 300000],3
Year=2010; Rating=[260000 - 270000],4
Year=2010; Rating=[150000 - 160000],6
Year=2014; Rating=[130000 - 140000],53
Year=2011; Rating=[80000 - 90000],40
Year=2012; Rating=[120000 - 130000],28
Year=2013; Rating=[1510000 - 1520000],2
Year=2014; Rating=[1370000 - 1380000],1
Year=2012; Rating=[220000 - 230000],11
Year=2012; Rating=[110000 - 120000],41
Year=2011; Rating=[520000 - 530000],1
Year=2020; Rating=[110000 - 120000],60
Year=2012; Rating=[400000 - 410000],9
Year=2020; Rating=[250000 - 260000],18
Year=2011; Rating=[60000 - 70000],50
Year=2012; Rating=[60000 - 70000],89
Year=2010; Rating=[40000 - 50000],45
Year=2019; Rating=[1710000 - 1720000],1
Year=2019; Rating=[250000 - 260000],6
Year=2013; Rating=[100000 - 110000],55
Year=2013; Rating=[40000 - 50000],192
Year=2016; Rating=[330000 - 340000],10
Year=2010; Rating=[590000 - 600000],1
Year=2014; Rating=[370000 - 380000],10
Year=2013; Rating=[240000 - 250000],17
Year=2010; Rating=[1910000 - 1920000],1
Year=2018; Rating=[160000 - 170000],32
Year=2016; Rating=[350000 - 360000],7
Year=2019; Rating=[120000 - 130000],57
Year=2012; Rating=[390000 - 400000],9
Year=2011; Rating=[90000 - 100000],37
Year=2010; Rating=[100000 - 110000],9
Year=2017; Rating=[410000 - 420000],8
Year=2019; Rating=[310000 - 320000],9
Year=2015; Rating=[130000 - 140000],46
Year=2010; Rating=[210000 - 220000],10
Year=2020; Rating=[170000 - 180000],23
Year=2010; Rating=[160000 - 170000],13
Year=2013; Rating=[230000 - 240000],17
Year=2012; Rating=[130000 - 140000],27
Year=2013; Rating=[140000 - 150000],27
Year=2014; Rating=[350000 - 360000],7
Year=2021; Rating=[110000 - 120000],40
Year=2013; Rating=[280000 - 290000],9
Year=2013; Rating=[160000 - 170000],22
Year=2017; Rating=[2170000 - 2180000],1
Year=2013; Rating=[910000 - 920000],3
Year=2013; Rating=[120000 - 130000],42
Year=2013; Rating=[800000 - 810000],4
Year=2017; Rating=[280000 - 290000],14
Year=2015; Rating=[180000 - 190000],30
Year=2013; Rating=[200000 - 210000],12
Year=2013; Rating=[270000 - 280000],13
Year=2011; Rating=[200000 - 210000],7
Year=2012; Rating=[1450000 - 1460000],2
Year=2013; Rating=[370000 - 380000],7
Year=2010; Rating=[200000 - 210000],9
Year=2019; Rating=[100000 - 110000],71
Year=2010; Rating=[220000 - 230000],6
Year=2016; Rating=[320000 - 330000],15
Year=2011; Rating=[180000 - 190000],13
Year=2010; Rating=[80000 - 90000],21
Year=2016; Rating=[260000 - 270000],12
Year=2014; Rating=[180000 - 190000],25
Year=2010; Rating=[140000 - 150000],9
Year=2015; Rating=[460000 - 470000],9
Year=2016; Rating=[240000 - 250000],14
Year=2012; Rating=[180000 - 190000],13
Year=2014; Rating=[270000 - 280000],16
Year=2016; Rating=[340000 - 350000],10
Year=2012; Rating=[440000 - 450000],5
Year=2015; Rating=[240000 - 250000],24
Year=2017; Rating=[200000 - 210000],24
Year=2017; Rating=[180000 - 190000],17
Year=2010; Rating=[180000 - 190000],9
Year=2016; Rating=[620000 - 630000],1
Year=2013; Rating=[1860000 - 1870000],1
Year=2021; Rating=[80000 - 90000],70
Year=2012; Rating=[1960000 - 1970000],1
Year=2020; Rating=[280000 - 290000],15
Year=2012; Rating=[280000 - 290000],8
Year=2014; Rating=[140000 - 150000],42
Year=2012; Rating=[170000 - 180000],18
Year=2010; Rating=[520000 - 530000],2
Year=2013; Rating=[220000 - 230000],18
Year=2018; Rating=[620000 - 630000],4
Year=2010; Rating=[60000 - 70000],33
Year=2010; Rating=[2070000 - 2080000],1
Year=2017; Rating=[1150000 - 1160000],3
Year=2014; Rating=[310000 - 320000],13
Year=2018; Rating=[410000 - 420000],6
Year=2010; Rating=[610000 - 620000],2
Year=2017; Rating=[560000 - 570000],8
Year=2019; Rating=[260000 - 270000],16
Year=2017; Rating=[120000 - 130000],44
Year=2010; Rating=[6260000 - 6270000],1
Year=2012; Rating=[850000 - 860000],2
Year=2011; Rating=[130000 - 140000],17
Year=2021; Rating=[160000 - 170000],12
Year=2014; Rating=[470000 - 480000],10
Year=2011; Rating=[1400000 - 1410000],1
Year=2017; Rating=[570000 - 580000],5
Year=2010; Rating=[530000 - 540000],1
Year=2013; Rating=[170000 - 180000],17
Year=2021; Rating=[210000 - 220000],7
Year=2010; Rating=[350000 - 360000],5
Year=2011; Rating=[13530000 - 13540000],1
Year=2012; Rating=[100000 - 110000],37
Year=2010; Rating=[720000 - 730000],1
Year=2014; Rating=[100000 - 110000],63
Year=2012; Rating=[350000 - 360000],10
Year=2015; Rating=[120000 - 130000],31
Year=2013; Rating=[11180000 - 11190000],1
Year=2014; Rating=[170000 - 180000],36
Year=2011; Rating=[1070000 - 1080000],1
Year=2018; Rating=[130000 - 140000],47
Year=2010; Rating=[240000 - 250000],4
Year=2013; Rating=[350000 - 360000],12
Year=2015; Rating=[950000 - 960000],1
Year=2012; Rating=[190000 - 200000],15
Year=2010; Rating=[7690000 - 7700000],1
Year=2012; Rating=[150000 - 160000],11
Year=2017; Rating=[210000 - 220000],15
Year=2014; Rating=[330000 - 340000],5
Year=2014; Rating=[8200000 - 8210000],1
Year=2015; Rating=[470000 - 480000],9
Year=2012; Rating=[17770000 - 17780000],1
Year=2010; Rating=[166410000 - 166420000],1
Year=2011; Rating=[210000 - 220000],9
Year=2010; Rating=[120000 - 130000],10
Year=2012; Rating=[240000 - 250000],9
Year=2015; Rating=[210000 - 220000],20
Year=2015; Rating=[720000 - 730000],3
Year=2015; Rating=[290000 - 300000],9
Year=2015; Rating=[330000 - 340000],8
Year=2011; Rating=[120000 - 130000],21
Year=2016; Rating=[890000 - 900000],1
Year=2013; Rating=[80000 - 90000],65
Year=2017; Rating=[720000 - 730000],2
Year=2011; Rating=[150000 - 160000],9
Year=2013; Rating=[1110000 - 1120000],1
Year=2015; Rating=[650000 - 660000],3
Year=2015; Rating=[1960000 - 1970000],1
Year=2018; Rating=[9010000 - 9020000],1
Year=2012; Rating=[380000 - 390000],8
Year=2014; Rating=[400000 - 410000],3
Year=2010; Rating=[4840000 - 4850000],1
Year=2011; Rating=[780000 - 790000],3
Year=2017; Rating=[630000 - 640000],1
Year=2016; Rating=[2170000 - 2180000],1
Year=2013; Rating=[180000 - 190000],23
Year=2015; Rating=[310000 - 320000],14
Year=2018; Rating=[300000 - 310000],7
Year=2010; Rating=[430000 - 440000],4
Year=2011; Rating=[15890000 - 15900000],1
Year=2018; Rating=[140000 - 150000],40
Year=2018; Rating=[250000 - 260000],16
Year=2019; Rating=[390000 - 400000],4
Year=2018; Rating=[600000 - 610000],3
Year=2018; Rating=[190000 - 200000],25
Year=2018; Rating=[1020000 - 1030000],2
Year=2019; Rating=[420000 - 430000],6
Year=2014; Rating=[840000 - 850000],1
Year=2011; Rating=[390000 - 400000],5
Year=2018; Rating=[320000 - 330000],6
Year=2018; Rating=[590000 - 600000],3
Year=2012; Rating=[660000 - 670000],4
Year=2018; Rating=[420000 - 430000],6
Year=2015; Rating=[860000 - 870000],1
Year=2014; Rating=[260000 - 270000],16
Year=2015; Rating=[1000000 - 1010000],1
Year=2011; Rating=[3380000 - 3390000],1
Year=2015; Rating=[250000 - 260000],12
Year=2017; Rating=[590000 - 600000],6
Year=2020; Rating=[190000 - 200000],14
Year=2018; Rating=[580000 - 590000],3
Year=2016; Rating=[630000 - 640000],5
Year=2010; Rating=[400000 - 410000],2
Year=2012; Rating=[460000 - 470000],3
Year=2012; Rating=[140000 - 150000],19
Year=2012; Rating=[1920000 - 1930000],1
Year=2013; Rating=[810000 - 820000],1
Year=2011; Rating=[990000 - 1000000],1
Year=2017; Rating=[470000 - 480000],3
Year=2012; Rating=[3860000 - 3870000],1
Year=2018; Rating=[270000 - 280000],10
Year=2011; Rating=[170000 - 180000],12
Year=2018; Rating=[240000 - 250000],20
Year=2017; Rating=[3520000 - 3530000],1
Year=2010; Rating=[4100000 - 4110000],1
Year=2019; Rating=[1040000 - 1050000],1
Year=2011; Rating=[950000 - 960000],1
Year=2012; Rating=[520000 - 530000],7
Year=2012; Rating=[780000 - 790000],3
Year=2016; Rating=[200000 - 210000],25
Year=2019; Rating=[850000 - 860000],4
Year=2015; Rating=[200000 - 210000],16
Year=2011; Rating=[350000 - 360000],4
Year=2015; Rating=[760000 - 770000],1
Year=2013; Rating=[390000 - 400000],3
Year=2015; Rating=[2120000 - 2130000],2
Year=2014; Rating=[3550000 - 3560000],2
Year=2021; Rating=[150000 - 160000],23
Year=2013; Rating=[470000 - 480000],7
Year=2012; Rating=[340000 - 350000],9
Year=2017; Rating=[310000 - 320000],12
Year=2018; Rating=[350000 - 360000],8
Year=2011; Rating=[1900000 - 1910000],1
Year=2012; Rating=[1260000 - 1270000],2
Year=2016; Rating=[280000 - 290000],12
Year=2011; Rating=[630000 - 640000],4
Year=2012; Rating=[370000 - 380000],4
Year=2018; Rating=[500000 - 510000],5
Year=2019; Rating=[140000 - 150000],39
Year=2012; Rating=[1590000 - 1600000],1
Year=2015; Rating=[300000 - 310000],17
Year=2013; Rating=[190000 - 200000],16
Year=2014; Rating=[1650000 - 1660000],3
Year=2015; Rating=[320000 - 330000],6
Year=2021; Rating=[430000 - 440000],2
Year=2020; Rating=[450000 - 460000],3
Year=2010; Rating=[110000 - 120000],20
Year=2021; Rating=[220000 - 230000],8
Year=2011; Rating=[140000 - 150000],14
Year=2021; Rating=[140000 - 150000],26
Year=2012; Rating=[330000 - 340000],6
Year=2019; Rating=[730000 - 740000],2
Year=2012; Rating=[9250000 - 9260000],1
Year=2012; Rating=[210000 - 220000],9
Year=2011; Rating=[160000 - 170000],13
Year=2010; Rating=[370000 - 380000],2
Year=2013; Rating=[880000 - 890000],2
Year=2018; Rating=[360000 - 370000],11
Year=2012; Rating=[990000 - 1000000],1
Year=2011; Rating=[4990000 - 5000000],1
Year=2014; Rating=[490000 - 500000],3
Year=2014; Rating=[1400000 - 1410000],1
Year=2016; Rating=[310000 - 320000],10
Year=2021; Rating=[340000 - 350000],4
Year=2018; Rating=[180000 - 190000],24
Year=2017; Rating=[320000 - 330000],5
Year=2017; Rating=[610000 - 620000],4
Year=2020; Rating=[540000 - 550000],4
Year=2019; Rating=[830000 - 840000],3
Year=2016; Rating=[210000 - 220000],23
Year=2018; Rating=[280000 - 290000],10
Year=2011; Rating=[190000 - 200000],12
Year=2010; Rating=[1820000 - 1830000],1
Year=2011; Rating=[230000 - 240000],8
Year=2016; Rating=[230000 - 240000],25
Year=2018; Rating=[770000 - 780000],4
Year=2014; Rating=[230000 - 240000],28
Year=2020; Rating=[340000 - 350000],8
Year=2016; Rating=[850000 - 860000],3
Year=2018; Rating=[640000 - 650000],3
Year=2015; Rating=[640000 - 650000],2
Year=2012; Rating=[250000 - 260000],11
Year=2014; Rating=[520000 - 530000],9
Year=2018; Rating=[200000 - 210000],14
Year=2015; Rating=[220000 - 230000],15
Year=2011; Rating=[330000 - 340000],3
Year=2014; Rating=[870000 - 880000],3
Year=2019; Rating=[340000 - 350000],12
Year=2010; Rating=[500000 - 510000],1
Year=2014; Rating=[190000 - 200000],23
Year=2016; Rating=[860000 - 870000],1
Year=2012; Rating=[470000 - 480000],3
Year=2010; Rating=[5810000 - 5820000],1
Year=2016; Rating=[740000 - 750000],1
Year=2015; Rating=[1380000 - 1390000],2
Year=2017; Rating=[490000 - 500000],5
Year=2012; Rating=[770000 - 780000],2
Year=2012; Rating=[1050000 - 1060000],1
Year=2020; Rating=[430000 - 440000],3
Year=2016; Rating=[950000 - 960000],1
Year=2021; Rating=[630000 - 640000],1
Year=2013; Rating=[890000 - 900000],1
Year=2015; Rating=[3990000 - 4000000],1
Year=2019; Rating=[170000 - 180000],31
Year=2014; Rating=[460000 - 470000],4
Year=2010; Rating=[630000 - 640000],3
Year=2019; Rating=[1590000 - 1600000],2
Year=2014; Rating=[290000 - 300000],14
Year=2012; Rating=[1280000 - 1290000],2
Year=2015; Rating=[230000 - 240000],14
Year=2010; Rating=[130000 - 140000],12
Year=2013; Rating=[3010000 - 3020000],1
Year=2014; Rating=[890000 - 900000],2
Year=2019; Rating=[560000 - 570000],1
Year=2010; Rating=[310000 - 320000],5
Year=2013; Rating=[540000 - 550000],2
Year=2018; Rating=[1060000 - 1070000],1
Year=2020; Rating=[220000 - 230000],24
Year=2013; Rating=[380000 - 390000],7
Year=2016; Rating=[600000 - 610000],3
Year=2014; Rating=[1180000 - 1190000],1
Year=2013; Rating=[580000 - 590000],2
Year=2014; Rating=[440000 - 450000],11
Year=2012; Rating=[800000 - 810000],2
Year=2018; Rating=[3990000 - 4000000],1
Year=2012; Rating=[4080000 - 4090000],1
Year=2014; Rating=[610000 - 620000],6
Year=2019; Rating=[280000 - 290000],15
Year=2014; Rating=[640000 - 650000],4
Year=2010; Rating=[280000 - 290000],5
Year=2012; Rating=[1250000 - 1260000],3
Year=2012; Rating=[1000000 - 1010000],2
Year=2011; Rating=[2080000 - 2090000],1
Year=2014; Rating=[580000 - 590000],3
Year=2014; Rating=[750000 - 760000],3
Year=2010; Rating=[1390000 - 1400000],2
Year=2016; Rating=[120000 - 130000],53
Year=2011; Rating=[770000 - 780000],2
Year=2014; Rating=[250000 - 260000],13
Year=2012; Rating=[590000 - 600000],3
Year=2015; Rating=[500000 - 510000],7
Year=2011; Rating=[1300000 - 1310000],2
Year=2013; Rating=[460000 - 470000],5
Year=2010; Rating=[640000 - 650000],1
Year=2011; Rating=[7590000 - 7600000],1
Year=2015; Rating=[1480000 - 1490000],2
Year=2018; Rating=[610000 - 620000],5
Year=2013; Rating=[3510000 - 3520000],3
Year=2016; Rating=[640000 - 650000],3
Year=2011; Rating=[530000 - 540000],2
Year=2014; Rating=[920000 - 930000],1
Year=2011; Rating=[3350000 - 3360000],1
Year=2014; Rating=[420000 - 430000],5
Year=2011; Rating=[490000 - 500000],1
Year=2011; Rating=[480000 - 490000],4
Year=2014; Rating=[4130000 - 4140000],1
Year=2015; Rating=[770000 - 780000],8
Year=2014; Rating=[700000 - 710000],3
Year=2014; Rating=[950000 - 960000],3
Year=2012; Rating=[1580000 - 1590000],1
Year=2012; Rating=[480000 - 490000],2
Year=2011; Rating=[1800000 - 1810000],2
Year=2010; Rating=[300000 - 310000],3
Year=2015; Rating=[630000 - 640000],2
Year=2010; Rating=[330000 - 340000],3
Year=2013; Rating=[1290000 - 1300000],1
Year=2016; Rating=[270000 - 280000],16
Year=2015; Rating=[1300000 - 1310000],2
Year=2012; Rating=[1690000 - 1700000],1
Year=2015; Rating=[710000 - 720000],2
Year=2013; Rating=[780000 - 790000],3
Year=2015; Rating=[1470000 - 1480000],1
Year=2011; Rating=[360000 - 370000],5
Year=2014; Rating=[340000 - 350000],9
Year=2015; Rating=[880000 - 890000],4
Year=2012; Rating=[540000 - 550000],5
Year=2012; Rating=[1300000 - 1310000],1
Year=2012; Rating=[410000 - 420000],6
Year=2021; Rating=[270000 - 280000],5
Year=2013; Rating=[1280000 - 1290000],1
Year=2014; Rating=[450000 - 460000],15
Year=2011; Rating=[220000 - 230000],6
Year=2013; Rating=[1930000 - 1940000],1
Year=2013; Rating=[670000 - 680000],6
Year=2012; Rating=[1550000 - 1560000],2
Year=2015; Rating=[1360000 - 1370000],1
Year=2012; Rating=[820000 - 830000],1
Year=2010; Rating=[90000 - 100000],21
Year=2014; Rating=[430000 - 440000],7
Year=2014; Rating=[860000 - 870000],1
Year=2016; Rating=[180000 - 190000],30
Year=2014; Rating=[300000 - 310000],13
Year=2012; Rating=[2490000 - 2500000],1
Year=2012; Rating=[920000 - 930000],2
Year=2013; Rating=[2850000 - 2860000],1
Year=2011; Rating=[830000 - 840000],2
Year=2020; Rating=[1380000 - 1390000],1
Year=2014; Rating=[380000 - 390000],9
Year=2013; Rating=[730000 - 740000],2
Year=2015; Rating=[800000 - 810000],3
Year=2020; Rating=[380000 - 390000],5
Year=2021; Rating=[260000 - 270000],4
Year=2016; Rating=[220000 - 230000],17
Year=2022; Rating=[660000 - 670000],1
Year=2014; Rating=[500000 - 510000],5
Year=2013; Rating=[740000 - 750000],2
Year=2010; Rating=[1010000 - 1020000],1
Year=2013; Rating=[960000 - 970000],4
Year=2013; Rating=[1530000 - 1540000],1
Year=2016; Rating=[480000 - 490000],7
Year=2011; Rating=[820000 - 830000],5
Year=2014; Rating=[800000 - 810000],1
Year=2022; Rating=[80000 - 90000],11
Year=2016; Rating=[2320000 - 2330000],1
Year=2013; Rating=[510000 - 520000],7
Year=2017; Rating=[580000 - 590000],2
Year=2016; Rating=[1150000 - 1160000],1
Year=2019; Rating=[810000 - 820000],1
Year=2015; Rating=[3560000 - 3570000],1
Year=2020; Rating=[1170000 - 1180000],1
Year=2013; Rating=[1400000 - 1410000],1
Year=2012; Rating=[560000 - 570000],5
Year=2012; Rating=[2430000 - 2440000],1
Year=2019; Rating=[1430000 - 1440000],2
Year=2017; Rating=[420000 - 430000],6
Year=2019; Rating=[220000 - 230000],12
Year=2010; Rating=[3840000 - 3850000],1
Year=2014; Rating=[650000 - 660000],2
Year=2016; Rating=[1600000 - 1610000],1
Year=2012; Rating=[930000 - 940000],3
Year=2012; Rating=[1750000 - 1760000],1
Year=2014; Rating=[4070000 - 4080000],1
Year=2017; Rating=[190000 - 200000],20
Year=2012; Rating=[13320000 - 13330000],1
Year=2016; Rating=[390000 - 400000],6
Year=2015; Rating=[440000 - 450000],6
Year=2017; Rating=[140000 - 150000],31
Year=2010; Rating=[5190000 - 5200000],1
Year=2021; Rating=[730000 - 740000],1
Year=2020; Rating=[230000 - 240000],14
Year=2013; Rating=[590000 - 600000],2
Year=2015; Rating=[6240000 - 6250000],1
Year=2015; Rating=[2040000 - 2050000],1
Year=2011; Rating=[320000 - 330000],5
Year=2020; Rating=[670000 - 680000],3
Year=2018; Rating=[1960000 - 1970000],3
Year=2019; Rating=[580000 - 590000],7
Year=2012; Rating=[1740000 - 1750000],1
Year=2012; Rating=[320000 - 330000],8
Year=2017; Rating=[760000 - 770000],3
Year=2012; Rating=[1390000 - 1400000],1
Year=2016; Rating=[450000 - 460000],7
Year=2011; Rating=[32710000 - 32720000],1
Year=2012; Rating=[30780000 - 30790000],1
Year=2014; Rating=[1230000 - 1240000],1
Year=2016; Rating=[1110000 - 1120000],1
Year=2017; Rating=[380000 - 390000],13
Year=2014; Rating=[850000 - 860000],1
Year=2018; Rating=[510000 - 520000],6
Year=2020; Rating=[480000 - 490000],6
Year=2012; Rating=[650000 - 660000],1
Year=2019; Rating=[350000 - 360000],3
Year=2020; Rating=[1490000 - 1500000],1
Year=2016; Rating=[520000 - 530000],6
Year=2018; Rating=[670000 - 680000],3
Year=2015; Rating=[520000 - 530000],6
Year=2020; Rating=[850000 - 860000],1
Year=2020; Rating=[240000 - 250000],16
Year=2016; Rating=[2600000 - 2610000],1
Year=2019; Rating=[650000 - 660000],2
Year=2019; Rating=[680000 - 690000],4
Year=2020; Rating=[350000 - 360000],3
Year=2012; Rating=[2650000 - 2660000],1
Year=2019; Rating=[840000 - 850000],2
Year=2014; Rating=[3420000 - 3430000],1
Year=2020; Rating=[390000 - 400000],10
Year=2019; Rating=[410000 - 420000],6
Year=2011; Rating=[6370000 - 6380000],1
Year=2014; Rating=[560000 - 570000],3
Year=2017; Rating=[1020000 - 1030000],2
Year=2016; Rating=[800000 - 810000],4
Year=2022; Rating=[450000 - 460000],1
Year=2013; Rating=[340000 - 350000],10
Year=2012; Rating=[1230000 - 1240000],2
Year=2018; Rating=[330000 - 340000],13
Year=2018; Rating=[540000 - 550000],3
Year=2019; Rating=[360000 - 370000],6
Year=2021; Rating=[2250000 - 2260000],1
Year=2014; Rating=[820000 - 830000],2
Year=2021; Rating=[180000 - 190000],12
Year=2019; Rating=[1220000 - 1230000],1
Year=2018; Rating=[1290000 - 1300000],1
Year=2015; Rating=[2070000 - 2080000],1
Year=2020; Rating=[2980000 - 2990000],1
Year=2019; Rating=[550000 - 560000],4
Year=2013; Rating=[3330000 - 3340000],2
Year=2014; Rating=[410000 - 420000],2
Year=2017; Rating=[290000 - 300000],12
Year=2017; Rating=[350000 - 360000],12
Year=2011; Rating=[240000 - 250000],6
Year=2019; Rating=[760000 - 770000],2
Year=2016; Rating=[500000 - 510000],3
Year=2019; Rating=[380000 - 390000],8
Year=2013; Rating=[3120000 - 3130000],1
Year=2021; Rating=[360000 - 370000],3
Year=2015; Rating=[570000 - 580000],1
Year=2012; Rating=[530000 - 540000],3
Year=2019; Rating=[230000 - 240000],12
Year=2020; Rating=[2310000 - 2320000],1
Year=2014; Rating=[980000 - 990000],2
Year=2020; Rating=[730000 - 740000],1
Year=2011; Rating=[450000 - 460000],1
Year=2015; Rating=[1180000 - 1190000],3
Year=2012; Rating=[1190000 - 1200000],3
Year=2012; Rating=[1180000 - 1190000],3
Year=2018; Rating=[560000 - 570000],3
Year=2011; Rating=[620000 - 630000],2
Year=2019; Rating=[330000 - 340000],6
Year=2010; Rating=[1670000 - 1680000],1
Year=2012; Rating=[1790000 - 1800000],2
Year=2013; Rating=[480000 - 490000],5
Year=2019; Rating=[660000 - 670000],2
Year=2014; Rating=[240000 - 250000],18
Year=2010; Rating=[4280000 - 4290000],1
Year=2014; Rating=[630000 - 640000],3
Year=2018; Rating=[690000 - 700000],1
Year=2020; Rating=[210000 - 220000],11
Year=2017; Rating=[260000 - 270000],11
Year=2016; Rating=[370000 - 380000],5
Year=2020; Rating=[200000 - 210000],21
Year=2013; Rating=[2640000 - 2650000],1
Year=2012; Rating=[1520000 - 1530000],1
Year=2013; Rating=[6090000 - 6100000],1
Year=2018; Rating=[1380000 - 1390000],2
Year=2021; Rating=[290000 - 300000],5
Year=2017; Rating=[860000 - 870000],3
Year=2014; Rating=[670000 - 680000],4
Year=2018; Rating=[370000 - 380000],7
Year=2015; Rating=[350000 - 360000],8
Year=2016; Rating=[490000 - 500000],5
Year=2014; Rating=[360000 - 370000],7
Year=2011; Rating=[290000 - 300000],8
Year=2016; Rating=[690000 - 700000],4
Year=2015; Rating=[750000 - 760000],3
Year=2017; Rating=[1650000 - 1660000],2
Year=2011; Rating=[340000 - 350000],5
Year=2020; Rating=[750000 - 760000],1
Year=2012; Rating=[510000 - 520000],3
Year=2017; Rating=[340000 - 350000],11
Year=2020; Rating=[460000 - 470000],3
Year=2013; Rating=[320000 - 330000],5
Year=2017; Rating=[540000 - 550000],5
Year=2017; Rating=[930000 - 940000],1
Year=2011; Rating=[420000 - 430000],3
Year=2012; Rating=[39570000 - 39580000],1
Year=2010; Rating=[1150000 - 1160000],2
Year=2021; Rating=[330000 - 340000],3
Year=2016; Rating=[6690000 - 6700000],1
Year=2018; Rating=[4250000 - 4260000],1
Year=2015; Rating=[4170000 - 4180000],1
Year=2015; Rating=[1350000 - 1360000],1
Year=2019; Rating=[1150000 - 1160000],1
Year=2014; Rating=[730000 - 740000],3
Year=2020; Rating=[950000 - 960000],1
Year=2015; Rating=[4330000 - 4340000],1
Year=2015; Rating=[890000 - 900000],4
Year=2018; Rating=[980000 - 990000],1
Year=2012; Rating=[1040000 - 1050000],2
Year=2012; Rating=[430000 - 440000],5
Year=2013; Rating=[6620000 - 6630000],1
Year=2015; Rating=[4560000 - 4570000],1
Year=2017; Rating=[550000 - 560000],2
Year=2011; Rating=[380000 - 390000],2
Year=2019; Rating=[1450000 - 1460000],1
Year=2022; Rating=[190000 - 200000],3
Year=2015; Rating=[590000 - 600000],1
Year=2017; Rating=[1600000 - 1610000],1
Year=2020; Rating=[860000 - 870000],3
Year=2019; Rating=[1070000 - 1080000],2
Year=2018; Rating=[1520000 - 1530000],2
Year=2010; Rating=[1440000 - 1450000],1
Year=2015; Rating=[620000 - 630000],2
Year=2018; Rating=[43060000 - 43070000],1
Year=2010; Rating=[460000 - 470000],4
Year=2017; Rating=[2460000 - 2470000],1
Year=2015; Rating=[540000 - 550000],2
Year=2017; Rating=[300000 - 310000],8
Year=2013; Rating=[2390000 - 2400000],2
Year=2017; Rating=[430000 - 440000],9
Year=2015; Rating=[2380000 - 2390000],1
Year=2012; Rating=[2090000 - 2100000],1
Year=2018; Rating=[1820000 - 1830000],1
Year=2015; Rating=[1600000 - 1610000],1
Year=2021; Rating=[230000 - 240000],5
Year=2022; Rating=[650000 - 660000],1
Year=2010; Rating=[250000 - 260000],4
Year=2020; Rating=[370000 - 380000],5
Year=2013; Rating=[1170000 - 1180000],1
Year=2021; Rating=[790000 - 800000],1
Year=2019; Rating=[150000 - 160000],30
Year=2020; Rating=[490000 - 500000],3
Year=2013; Rating=[3220000 - 3230000],1
Year=2014; Rating=[1510000 - 1520000],1
Year=2020; Rating=[500000 - 510000],3
Year=2012; Rating=[290000 - 300000],8
Year=2017; Rating=[370000 - 380000],9
Year=2017; Rating=[7770000 - 7780000],1
Year=2018; Rating=[3480000 - 3490000],1
Year=2019; Rating=[1020000 - 1030000],1
Year=2014; Rating=[2270000 - 2280000],1
Year=2021; Rating=[280000 - 290000],5
Year=2022; Rating=[70000 - 80000],15
Year=2018; Rating=[9440000 - 9450000],1
Year=2013; Rating=[360000 - 370000],8
Year=2013; Rating=[3990000 - 4000000],1
Year=2015; Rating=[480000 - 490000],4
Year=2019; Rating=[1160000 - 1170000],1
Year=2014; Rating=[2420000 - 2430000],1
Year=2018; Rating=[22160000 - 22170000],1
Year=2014; Rating=[390000 - 400000],6
Year=2016; Rating=[1400000 - 1410000],1
Year=2015; Rating=[3250000 - 3260000],1
Year=2021; Rating=[1030000 - 1040000],1
Year=2019; Rating=[1060000 - 1070000],1
Year=2019; Rating=[7330000 - 7340000],1
Year=2020; Rating=[4510000 - 4520000],1
Year=2021; Rating=[300000 - 310000],5
Year=2013; Rating=[2560000 - 2570000],1
Year=2018; Rating=[1950000 - 1960000],1
Year=2021; Rating=[370000 - 380000],3
Year=2013; Rating=[2570000 - 2580000],1
Year=2019; Rating=[1210000 - 1220000],1
Year=2017; Rating=[360000 - 370000],4
Year=2016; Rating=[190000 - 200000],22
Year=2015; Rating=[4520000 - 4530000],1
Year=2015; Rating=[850000 - 860000],1
Year=2020; Rating=[900000 - 910000],1
Year=2014; Rating=[970000 - 980000],4
Year=2018; Rating=[290000 - 300000],8
Year=2012; Rating=[310000 - 320000],6
Year=2014; Rating=[510000 - 520000],10
Year=2020; Rating=[630000 - 640000],1
Year=2015; Rating=[1280000 - 1290000],1
Year=2011; Rating=[3480000 - 3490000],1
Year=2019; Rating=[2580000 - 2590000],1
Year=2016; Rating=[1370000 - 1380000],1
Year=2017; Rating=[2870000 - 2880000],1
Year=2014; Rating=[1290000 - 1300000],3
Year=2013; Rating=[13000000 - 13010000],1
Year=2015; Rating=[450000 - 460000],4
Year=2013; Rating=[410000 - 420000],1
Year=2019; Rating=[4320000 - 4330000],1
Year=2013; Rating=[450000 - 460000],2
Year=2010; Rating=[190000 - 200000],6
Year=2015; Rating=[1740000 - 1750000],1
Year=2017; Rating=[440000 - 450000],6
Year=2020; Rating=[260000 - 270000],5
Year=2018; Rating=[1500000 - 1510000],1
Year=2011; Rating=[300000 - 310000],5
Year=2010; Rating=[2370000 - 2380000],1
Year=2021; Rating=[2160000 - 2170000],1
Year=2012; Rating=[580000 - 590000],3
Year=2015; Rating=[1200000 - 1210000],4
Year=2015; Rating=[610000 - 620000],8
Year=2012; Rating=[1500000 - 1510000],1
Year=2014; Rating=[990000 - 1000000],3
Year=2010; Rating=[141770000 - 141780000],1
Year=2010; Rating=[670000 - 680000],1
Year=2017; Rating=[1140000 - 1150000],4
Year=2011; Rating=[660000 - 670000],2
Year=2013; Rating=[1600000 - 1610000],4
Year=2017; Rating=[400000 - 410000],6
Year=2010; Rating=[360000 - 370000],2
Year=2014; Rating=[1100000 - 1110000],1
Year=2017; Rating=[110180000 - 110190000],1
Year=2020; Rating=[870000 - 880000],1
Year=2021; Rating=[12380000 - 12390000],1
Year=2012; Rating=[1330000 - 1340000],2
Year=2014; Rating=[680000 - 690000],4
Year=2017; Rating=[2360000 - 2370000],1
Year=2015; Rating=[400000 - 410000],12
Year=2014; Rating=[1220000 - 1230000],1
Year=2019; Rating=[400000 - 410000],7
Year=2019; Rating=[1620000 - 1630000],1
Year=2013; Rating=[250000 - 260000],9
Year=2013; Rating=[260000 - 270000],12
Year=2012; Rating=[1210000 - 1220000],2
Year=2011; Rating=[11900000 - 11910000],1
Year=2017; Rating=[15250000 - 15260000],1
Year=2018; Rating=[450000 - 460000],9
Year=2015; Rating=[1020000 - 1030000],3
Year=2019; Rating=[440000 - 450000],3
Year=2014; Rating=[15640000 - 15650000],1
Year=2012; Rating=[740000 - 750000],2
Year=2022; Rating=[1790000 - 1800000],1
Year=2010; Rating=[2870000 - 2880000],1
Year=2016; Rating=[1820000 - 1830000],1
Year=2018; Rating=[550000 - 560000],5
Year=2013; Rating=[750000 - 760000],3
Year=2017; Rating=[690000 - 700000],3
Year=2021; Rating=[480000 - 490000],1
Year=2013; Rating=[5140000 - 5150000],1
Year=2014; Rating=[1310000 - 1320000],1
Year=2015; Rating=[730000 - 740000],4
Year=2020; Rating=[590000 - 600000],6
Year=2018; Rating=[880000 - 890000],4
Year=2015; Rating=[270000 - 280000],17
Year=2015; Rating=[3530000 - 3540000],1
Year=2021; Rating=[380000 - 390000],4
Year=2019; Rating=[980000 - 990000],1
Year=2016; Rating=[140000 - 150000],34
Year=2014; Rating=[15440000 - 15450000],1
Year=2016; Rating=[730000 - 740000],4
Year=2016; Rating=[3700000 - 3710000],1
Year=2013; Rating=[9920000 - 9930000],1
Year=2020; Rating=[410000 - 420000],3
Year=2018; Rating=[1400000 - 1410000],1
Year=2016; Rating=[810000 - 820000],4
Year=2017; Rating=[960000 - 970000],2
Year=2019; Rating=[1400000 - 1410000],2
Year=2018; Rating=[1040000 - 1050000],3
Year=2015; Rating=[810000 - 820000],3
Year=2015; Rating=[670000 - 680000],2
Year=2015; Rating=[340000 - 350000],7
Year=2010; Rating=[320000 - 330000],1
Year=2021; Rating=[1060000 - 1070000],2
Year=2015; Rating=[390000 - 400000],6
Year=2016; Rating=[31450000 - 31460000],1
Year=2019; Rating=[1610000 - 1620000],2
Year=2014; Rating=[3770000 - 3780000],1
Year=2018; Rating=[13230000 - 13240000],1
Year=2017; Rating=[2770000 - 2780000],1
Year=2017; Rating=[4460000 - 4470000],1
Year=2017; Rating=[830000 - 840000],2
Year=2018; Rating=[260000 - 270000],11
Year=2016; Rating=[2030000 - 2040000],1
Year=2021; Rating=[460000 - 470000],2
Year=2017; Rating=[2970000 - 2980000],1
Year=2021; Rating=[650000 - 660000],1
Year=2017; Rating=[1200000 - 1210000],1
Year=2017; Rating=[3630000 - 3640000],1
Year=2011; Rating=[1670000 - 1680000],1
Year=2010; Rating=[420000 - 430000],2
Year=2019; Rating=[990000 - 1000000],1
Year=2013; Rating=[2540000 - 2550000],1
Year=2016; Rating=[670000 - 680000],3
Year=2014; Rating=[8530000 - 8540000],1
Year=2015; Rating=[420000 - 430000],3
Year=2016; Rating=[460000 - 470000],8
Year=2015; Rating=[920000 - 930000],1
Year=2014; Rating=[710000 - 720000],4
Year=2017; Rating=[1060000 - 1070000],4
Year=2013; Rating=[440000 - 450000],3
Year=2013; Rating=[570000 - 580000],1
Year=2017; Rating=[500000 - 510000],6
Year=2011; Rating=[680000 - 690000],1
Year=2013; Rating=[770000 - 780000],2
Year=2017; Rating=[1590000 - 1600000],2
Year=2017; Rating=[2450000 - 2460000],1
Year=2016; Rating=[2010000 - 2020000],1
Year=2017; Rating=[11300000 - 11310000],1
Year=2015; Rating=[1400000 - 1410000],1
Year=2018; Rating=[3190000 - 3200000],1
Year=2013; Rating=[2200000 - 2210000],1
Year=2014; Rating=[2210000 - 2220000],1
Year=2016; Rating=[290000 - 300000],10
Year=2011; Rating=[610000 - 620000],1
Year=2012; Rating=[860000 - 870000],2
Year=2011; Rating=[1510000 - 1520000],1
Year=2010; Rating=[1120000 - 1130000],1
Year=2018; Rating=[3060000 - 3070000],1
Year=2014; Rating=[3040000 - 3050000],1
Year=2014; Rating=[550000 - 560000],1
Year=2013; Rating=[10730000 - 10740000],1
Year=2015; Rating=[1340000 - 1350000],1
Year=2016; Rating=[540000 - 550000],6
Year=2022; Rating=[140000 - 150000],6
Year=2014; Rating=[1790000 - 1800000],2
Year=2022; Rating=[90000 - 100000],8
Year=2013; Rating=[950000 - 960000],1
Year=2018; Rating=[380000 - 390000],6
Year=2013; Rating=[3490000 - 3500000],1
Year=2014; Rating=[1130000 - 1140000],3
Year=2014; Rating=[2320000 - 2330000],2
Year=2012; Rating=[1510000 - 1520000],1
Year=2013; Rating=[400000 - 410000],7
Year=2016; Rating=[11440000 - 11450000],1
Year=2019; Rating=[910000 - 920000],2
Year=2016; Rating=[470000 - 480000],2
Year=2020; Rating=[1870000 - 1880000],1
Year=2013; Rating=[720000 - 730000],3
Year=2021; Rating=[400000 - 410000],2
Year=2013; Rating=[680000 - 690000],4
Year=2010; Rating=[2680000 - 2690000],2
Year=2012; Rating=[1380000 - 1390000],3
Year=2014; Rating=[1360000 - 1370000],1
Year=2015; Rating=[1560000 - 1570000],2
Year=2013; Rating=[1120000 - 1130000],2
Year=2012; Rating=[670000 - 680000],3
Year=2019; Rating=[530000 - 540000],4
Year=2015; Rating=[680000 - 690000],6
Year=2013; Rating=[310000 - 320000],4
Year=2010; Rating=[700000 - 710000],3
Year=2019; Rating=[1140000 - 1150000],1
Year=2016; Rating=[8980000 - 8990000],2
Year=2011; Rating=[370000 - 380000],1
Year=2013; Rating=[1900000 - 1910000],1
Year=2016; Rating=[1160000 - 1170000],2
Year=2014; Rating=[880000 - 890000],3
Year=2014; Rating=[740000 - 750000],2
Year=2021; Rating=[1080000 - 1090000],1
Year=2013; Rating=[560000 - 570000],5
Year=2021; Rating=[770000 - 780000],1
Year=2014; Rating=[1090000 - 1100000],1
Year=2016; Rating=[400000 - 410000],7
Year=2013; Rating=[1260000 - 1270000],1
Year=2012; Rating=[11920000 - 11930000],1
Year=2018; Rating=[1450000 - 1460000],1
Year=2013; Rating=[330000 - 340000],7
Year=2014; Rating=[1320000 - 1330000],2
Year=2016; Rating=[430000 - 440000],5
Year=2017; Rating=[1230000 - 1240000],2
Year=2015; Rating=[1660000 - 1670000],1
Year=2013; Rating=[1540000 - 1550000],3
Year=2021; Rating=[420000 - 430000],2
Year=2019; Rating=[710000 - 720000],3
Year=2011; Rating=[860000 - 870000],1
Year=2011; Rating=[310000 - 320000],3
Year=2016; Rating=[530000 - 540000],7
Year=2018; Rating=[570000 - 580000],3
Year=2017; Rating=[940000 - 950000],1
Year=2017; Rating=[460000 - 470000],5
Year=2012; Rating=[2040000 - 2050000],1
Year=2013; Rating=[970000 - 980000],2
Year=2010; Rating=[170000 - 180000],6
Year=2014; Rating=[2970000 - 2980000],1
Year=2014; Rating=[830000 - 840000],1
Year=2016; Rating=[5570000 - 5580000],1
Year=2016; Rating=[920000 - 930000],1
Year=2020; Rating=[570000 - 580000],2
Year=2014; Rating=[600000 - 610000],5
Year=2013; Rating=[1660000 - 1670000],1
Year=2017; Rating=[2200000 - 2210000],2
Year=2011; Rating=[920000 - 930000],1
Year=2014; Rating=[570000 - 580000],6
Year=2013; Rating=[9110000 - 9120000],1
Year=2015; Rating=[6070000 - 6080000],1
Year=2016; Rating=[1690000 - 1700000],1
Year=2016; Rating=[710000 - 720000],2
Year=2014; Rating=[3110000 - 3120000],1
Year=2018; Rating=[720000 - 730000],1
Year=2018; Rating=[740000 - 750000],3
Year=2014; Rating=[1030000 - 1040000],3
Year=2013; Rating=[1010000 - 1020000],2
Year=2014; Rating=[1570000 - 1580000],1
Year=2020; Rating=[580000 - 590000],3
Year=2019; Rating=[470000 - 480000],4
Year=2020; Rating=[770000 - 780000],2
Year=2013; Rating=[1630000 - 1640000],1
Year=2017; Rating=[800000 - 810000],1
Year=2017; Rating=[1510000 - 1520000],1
Year=2014; Rating=[5500000 - 5510000],1
Year=2019; Rating=[920000 - 930000],1
Year=2011; Rating=[1490000 - 1500000],1
Year=2013; Rating=[420000 - 430000],8
Year=2021; Rating=[930000 - 940000],1
Year=2019; Rating=[1500000 - 1510000],1
Year=2011; Rating=[1740000 - 1750000],1
Year=2013; Rating=[6370000 - 6380000],1
Year=2013; Rating=[1790000 - 1800000],1
Year=2013; Rating=[2490000 - 2500000],1
Year=2021; Rating=[250000 - 260000],5
Year=2016; Rating=[4410000 - 4420000],1
Year=2018; Rating=[2510000 - 2520000],1
Year=2019; Rating=[1760000 - 1770000],1
Year=2019; Rating=[930000 - 940000],1
Year=2018; Rating=[800000 - 810000],2
Year=2013; Rating=[5110000 - 5120000],1
Year=2012; Rating=[3740000 - 3750000],1
Year=2021; Rating=[410000 - 420000],2
Year=2017; Rating=[10090000 - 10100000],1
Year=2019; Rating=[900000 - 910000],1
Year=2014; Rating=[4230000 - 4240000],1
Year=2017; Rating=[2580000 - 2590000],1
Year=2013; Rating=[920000 - 930000],1
Year=2013; Rating=[1850000 - 1860000],1
Year=2012; Rating=[760000 - 770000],2
Year=2018; Rating=[2480000 - 2490000],1
Year=2015; Rating=[1750000 - 1760000],1
Year=2017; Rating=[1700000 - 1710000],1
Year=2011; Rating=[470000 - 480000],3
Year=2013; Rating=[1500000 - 1510000],1
Year=2017; Rating=[1900000 - 1910000],1
Year=2014; Rating=[2370000 - 2380000],1
Year=2019; Rating=[5470000 - 5480000],1
Year=2022; Rating=[100000 - 110000],9
Year=2017; Rating=[1310000 - 1320000],1
Year=2016; Rating=[4750000 - 4760000],1
Year=2021; Rating=[820000 - 830000],1
Year=2016; Rating=[1080000 - 1090000],1
Year=2019; Rating=[430000 - 440000],3
Year=2021; Rating=[390000 - 400000],1
Year=2019; Rating=[480000 - 490000],3
Year=2014; Rating=[770000 - 780000],3
Year=2018; Rating=[2130000 - 2140000],1
Year=2020; Rating=[1930000 - 1940000],1
Year=2014; Rating=[1380000 - 1390000],1
Year=2015; Rating=[960000 - 970000],3
Year=2017; Rating=[1100000 - 1110000],2
Year=2013; Rating=[620000 - 630000],2
Year=2019; Rating=[2160000 - 2170000],1
Year=2016; Rating=[1010000 - 1020000],2
Year=2017; Rating=[640000 - 650000],1
Year=2017; Rating=[450000 - 460000],7
Year=2018; Rating=[630000 - 640000],5
Year=2011; Rating=[880000 - 890000],2
Year=2016; Rating=[590000 - 600000],2
Year=2021; Rating=[1420000 - 1430000],2
Year=2016; Rating=[2270000 - 2280000],2
Year=2021; Rating=[920000 - 930000],1
Year=2016; Rating=[700000 - 710000],3
Year=2019; Rating=[500000 - 510000],1
Year=2021; Rating=[440000 - 450000],2
Year=2017; Rating=[780000 - 790000],1
Year=2014; Rating=[930000 - 940000],3
Year=2014; Rating=[1050000 - 1060000],2
Year=2012; Rating=[1130000 - 1140000],1
Year=2021; Rating=[900000 - 910000],2
Year=2011; Rating=[5700000 - 5710000],1
Year=2014; Rating=[6190000 - 6200000],1
Year=2015; Rating=[1330000 - 1340000],1
Year=2016; Rating=[720000 - 730000],2
Year=2011; Rating=[1190000 - 1200000],1
Year=2018; Rating=[340000 - 350000],10
Year=2020; Rating=[1480000 - 1490000],1
Year=2020; Rating=[660000 - 670000],4
Year=2012; Rating=[1490000 - 1500000],2
Year=2018; Rating=[430000 - 440000],8
Year=2020; Rating=[810000 - 820000],1
Year=2017; Rating=[700000 - 710000],2
Year=2014; Rating=[1640000 - 1650000],1
Year=2018; Rating=[440000 - 450000],4
Year=2017; Rating=[520000 - 530000],1
Year=2018; Rating=[1000000 - 1010000],2
Year=2015; Rating=[380000 - 390000],6
Year=2017; Rating=[880000 - 890000],1
Year=2013; Rating=[9320000 - 9330000],1
Year=2018; Rating=[1420000 - 1430000],1
Year=2013; Rating=[6210000 - 6220000],1
Year=2018; Rating=[2030000 - 2040000],1
Year=2014; Rating=[900000 - 910000],3
Year=2018; Rating=[1010000 - 1020000],2
Year=2015; Rating=[2410000 - 2420000],1
Year=2012; Rating=[2150000 - 2160000],1
Year=2013; Rating=[24350000 - 24360000],1
Year=2019; Rating=[600000 - 610000],3
Year=2014; Rating=[1120000 - 1130000],2
Year=2020; Rating=[520000 - 530000],2
Year=2015; Rating=[3570000 - 3580000],1
Year=2015; Rating=[1900000 - 1910000],1
Year=2020; Rating=[6680000 - 6690000],1
Year=2019; Rating=[540000 - 550000],2
Year=2016; Rating=[1320000 - 1330000],2
Year=2012; Rating=[910000 - 920000],3
Year=2017; Rating=[620000 - 630000],2
Year=2018; Rating=[490000 - 500000],8
Year=2014; Rating=[2640000 - 2650000],1
Year=2021; Rating=[1070000 - 1080000],1
Year=2014; Rating=[690000 - 700000],3
Year=2017; Rating=[1770000 - 1780000],1
Year=2019; Rating=[4570000 - 4580000],1
Year=2012; Rating=[720000 - 730000],1
Year=2015; Rating=[820000 - 830000],1
Year=2014; Rating=[1110000 - 1120000],1
Year=2020; Rating=[420000 - 430000],5
Year=2012; Rating=[270000 - 280000],5
Year=2014; Rating=[1340000 - 1350000],1
Year=2014; Rating=[1710000 - 1720000],1
Year=2016; Rating=[1410000 - 1420000],2
Year=2013; Rating=[7680000 - 7690000],1
Year=2017; Rating=[1260000 - 1270000],2
Year=2013; Rating=[640000 - 650000],2
Year=2017; Rating=[1440000 - 1450000],2
Year=2013; Rating=[10370000 - 10380000],1
Year=2018; Rating=[1090000 - 1100000],3
Year=2021; Rating=[310000 - 320000],5
Year=2013; Rating=[1230000 - 1240000],2
Year=2016; Rating=[4270000 - 4280000],1
Year=2013; Rating=[600000 - 610000],1
Year=2015; Rating=[4830000 - 4840000],1
Year=2015; Rating=[1050000 - 1060000],2
Year=2015; Rating=[1490000 - 1500000],1
Year=2017; Rating=[390000 - 400000],4
Year=2019; Rating=[2030000 - 2040000],1
Year=2011; Rating=[400000 - 410000],2
Year=2014; Rating=[2350000 - 2360000],1
Year=2014; Rating=[720000 - 730000],1
Year=2018; Rating=[3460000 - 3470000],1
Year=2016; Rating=[1420000 - 1430000],1
Year=2013; Rating=[1750000 - 1760000],2
Year=2019; Rating=[1470000 - 1480000],1
Year=2021; Rating=[720000 - 730000],1
Year=2016; Rating=[880000 - 890000],1
Year=2017; Rating=[3720000 - 3730000],1
Year=2018; Rating=[1650000 - 1660000],1
Year=2013; Rating=[290000 - 300000],9
Year=2018; Rating=[1100000 - 1110000],1
Year=2017; Rating=[510000 - 520000],2
Year=2012; Rating=[3060000 - 3070000],1
Year=2016; Rating=[380000 - 390000],5
Year=2017; Rating=[1240000 - 1250000],1
Year=2018; Rating=[2400000 - 2410000],1
Year=2013; Rating=[820000 - 830000],1
Year=2020; Rating=[840000 - 850000],1
Year=2013; Rating=[300000 - 310000],9
Year=2018; Rating=[840000 - 850000],1
Year=2020; Rating=[300000 - 310000],12
Year=2020; Rating=[470000 - 480000],2
Year=2022; Rating=[360000 - 370000],1
Year=2015; Rating=[3140000 - 3150000],2
Year=2016; Rating=[840000 - 850000],1
Year=2017; Rating=[3980000 - 3990000],1
Year=2017; Rating=[1380000 - 1390000],1
Year=2016; Rating=[7810000 - 7820000],1
Year=2014; Rating=[1560000 - 1570000],1
Year=2016; Rating=[660000 - 670000],2
Year=2014; Rating=[4290000 - 4300000],1
Year=2015; Rating=[2980000 - 2990000],2
Year=2020; Rating=[1310000 - 1320000],2
Year=2013; Rating=[980000 - 990000],1
Year=2017; Rating=[1710000 - 1720000],1
Year=2017; Rating=[2260000 - 2270000],1
Year=2015; Rating=[2190000 - 2200000],1
Year=2012; Rating=[10620000 - 10630000],1
Year=2014; Rating=[3920000 - 3930000],1
Year=2016; Rating=[2500000 - 2510000],1
Year=2016; Rating=[8100000 - 8110000],1
Year=2014; Rating=[2980000 - 2990000],1
Year=2017; Rating=[2600000 - 2610000],1
Year=2013; Rating=[520000 - 530000],3
Year=2020; Rating=[1270000 - 1280000],2
Year=2015; Rating=[1770000 - 1780000],2
Year=2012; Rating=[1020000 - 1030000],1
Year=2017; Rating=[2050000 - 2060000],1
Year=2015; Rating=[830000 - 840000],1
Year=2019; Rating=[700000 - 710000],1
Year=2018; Rating=[400000 - 410000],6
Year=2015; Rating=[2700000 - 2710000],1
Year=2012; Rating=[2390000 - 2400000],1
Year=2011; Rating=[940000 - 950000],2
Year=2015; Rating=[510000 - 520000],3
Year=2014; Rating=[780000 - 790000],1
Year=2015; Rating=[1570000 - 1580000],1
Year=2016; Rating=[1140000 - 1150000],2
Year=2016; Rating=[980000 - 990000],2
Year=2019; Rating=[5400000 - 5410000],1
Year=2016; Rating=[10390000 - 10400000],1
Year=2015; Rating=[1100000 - 1110000],1
Year=2012; Rating=[600000 - 610000],2
Year=2021; Rating=[620000 - 630000],1
Year=2019; Rating=[1780000 - 1790000],1
Year=2018; Rating=[730000 - 740000],3
Year=2013; Rating=[7440000 - 7450000],1
Year=2019; Rating=[4300000 - 4310000],1
Year=2014; Rating=[1950000 - 1960000],1
Year=2010; Rating=[20260000 - 20270000],1
Year=2016; Rating=[960000 - 970000],2
Year=2011; Rating=[1340000 - 1350000],1
Year=2014; Rating=[4680000 - 4690000],1
Year=2013; Rating=[1210000 - 1220000],1
Year=2012; Rating=[39390000 - 39400000],1
Year=2019; Rating=[15240000 - 15250000],1
Year=2014; Rating=[2660000 - 2670000],1
Year=2020; Rating=[1240000 - 1250000],1
Year=2016; Rating=[930000 - 940000],2
Year=2019; Rating=[510000 - 520000],1
Year=2021; Rating=[240000 - 250000],4
Year=2012; Rating=[1220000 - 1230000],1
Year=2019; Rating=[490000 - 500000],4
Year=2013; Rating=[1130000 - 1140000],2
Year=2012; Rating=[1060000 - 1070000],1
Year=2016; Rating=[440000 - 450000],4
Year=2013; Rating=[6030000 - 6040000],1
Year=2013; Rating=[1150000 - 1160000],2
Year=2017; Rating=[5400000 - 5410000],1
Year=2012; Rating=[790000 - 800000],1
Year=2017; Rating=[950000 - 960000],2
Year=2012; Rating=[1680000 - 1690000],1
Year=2010; Rating=[3680000 - 3690000],1
Year=2015; Rating=[940000 - 950000],1
Year=2011; Rating=[500000 - 510000],3
Year=2011; Rating=[5480000 - 5490000],1
Year=2014; Rating=[1010000 - 1020000],3
Year=2010; Rating=[5680000 - 5690000],1
Year=2012; Rating=[2890000 - 2900000],1
Year=2020; Rating=[3610000 - 3620000],1
Year=2010; Rating=[10530000 - 10540000],1
Year=2016; Rating=[1050000 - 1060000],1
Year=2012; Rating=[4970000 - 4980000],1
Year=2020; Rating=[320000 - 330000],2
Year=2016; Rating=[760000 - 770000],2
Year=2017; Rating=[1640000 - 1650000],1
Year=2017; Rating=[2550000 - 2560000],1
Year=2015; Rating=[4860000 - 4870000],1
Year=2012; Rating=[4960000 - 4970000],1
Year=2012; Rating=[900000 - 910000],2
Year=2012; Rating=[680000 - 690000],2
Year=2016; Rating=[7660000 - 7670000],1
Year=2016; Rating=[780000 - 790000],1
Year=2013; Rating=[1140000 - 1150000],1
Year=2015; Rating=[5380000 - 5390000],1
Year=2011; Rating=[460000 - 470000],2
Year=2014; Rating=[6200000 - 6210000],1
Year=2016; Rating=[990000 - 1000000],1
Year=2011; Rating=[270000 - 280000],5
Year=2013; Rating=[7330000 - 7340000],1
Year=2011; Rating=[750000 - 760000],1
Year=2014; Rating=[620000 - 630000],4
Year=2015; Rating=[5000000 - 5010000],1
Year=2013; Rating=[6140000 - 6150000],1
Year=2010; Rating=[440000 - 450000],3
Year=2014; Rating=[1700000 - 1710000],1
Year=2011; Rating=[1140000 - 1150000],1
Year=2012; Rating=[1900000 - 1910000],1
Year=2019; Rating=[2060000 - 2070000],1
Year=2017; Rating=[900000 - 910000],2
Year=2014; Rating=[2650000 - 2660000],1
Year=2017; Rating=[670000 - 680000],3
Year=2011; Rating=[1910000 - 1920000],1
Year=2013; Rating=[1370000 - 1380000],1
Year=2013; Rating=[2020000 - 2030000],1
Year=2018; Rating=[2590000 - 2600000],1
Year=2011; Rating=[430000 - 440000],3
Year=2011; Rating=[13550000 - 13560000],1
Year=2017; Rating=[2190000 - 2200000],1
Year=2012; Rating=[5140000 - 5150000],1
Year=2010; Rating=[2200000 - 2210000],1
Year=2022; Rating=[160000 - 170000],3
Year=2018; Rating=[23240000 - 23250000],1
Year=2018; Rating=[930000 - 940000],1
Year=2015; Rating=[2750000 - 2760000],1
Year=2021; Rating=[1630000 - 1640000],1
Year=2014; Rating=[1500000 - 1510000],1
Year=2016; Rating=[970000 - 980000],1
Year=2010; Rating=[1680000 - 1690000],1
Year=2016; Rating=[4150000 - 4160000],1
Year=2010; Rating=[1200000 - 1210000],1
Year=2013; Rating=[1570000 - 1580000],1
Year=2012; Rating=[840000 - 850000],1
Year=2014; Rating=[3200000 - 3210000],1
Year=2012; Rating=[1120000 - 1130000],1
Year=2010; Rating=[1660000 - 1670000],1
Year=2016; Rating=[15330000 - 15340000],1
Year=2010; Rating=[960000 - 970000],1
Year=2011; Rating=[11510000 - 11520000],1
Year=2013; Rating=[930000 - 940000],1
Year=2019; Rating=[1660000 - 1670000],1
Year=2018; Rating=[870000 - 880000],2
Year=2010; Rating=[1090000 - 1100000],1
Year=2014; Rating=[85200000 - 85210000],1
Year=2014; Rating=[3000000 - 3010000],1
Year=2012; Rating=[1090000 - 1100000],2
Year=2010; Rating=[830000 - 840000],1
Year=2014; Rating=[1390000 - 1400000],1
Year=2010; Rating=[1100000 - 1110000],1
Year=2014; Rating=[1440000 - 1450000],2
Year=2012; Rating=[690000 - 700000],2
Year=2014; Rating=[1190000 - 1200000],1
Year=2016; Rating=[1810000 - 1820000],1
Year=2013; Rating=[1730000 - 1740000],1
Year=2010; Rating=[2530000 - 2540000],1
Year=2011; Rating=[440000 - 450000],3
Year=2020; Rating=[3650000 - 3660000],1
Year=2011; Rating=[1550000 - 1560000],1
Year=2010; Rating=[1410000 - 1420000],1
Year=2014; Rating=[910000 - 920000],1
Year=2017; Rating=[1660000 - 1670000],1
Year=2019; Rating=[2180000 - 2190000],1
Year=2016; Rating=[2460000 - 2470000],1
Year=2015; Rating=[930000 - 940000],1
Year=2014; Rating=[2080000 - 2090000],1
Year=2019; Rating=[690000 - 700000],1
Year=2017; Rating=[1820000 - 1830000],1
Year=2018; Rating=[1560000 - 1570000],1
Year=2013; Rating=[900000 - 910000],1
Year=2014; Rating=[1490000 - 1500000],2
Year=2014; Rating=[1480000 - 1490000],2
Year=2012; Rating=[139710000 - 139720000],1
Year=2010; Rating=[2520000 - 2530000],1
Year=2012; Rating=[1700000 - 1710000],1
Year=2017; Rating=[790000 - 800000],1
Year=2018; Rating=[2550000 - 2560000],1
Year=2010; Rating=[24670000 - 24680000],1
Year=2017; Rating=[980000 - 990000],2
Year=2019; Rating=[1890000 - 1900000],1
Year=2016; Rating=[1090000 - 1100000],1
Year=2019; Rating=[1000000 - 1010000],1
Year=2014; Rating=[1000000 - 1010000],2
Year=2013; Rating=[5900000 - 5910000],1
Year=2015; Rating=[12580000 - 12590000],1
Year=2016; Rating=[940000 - 950000],1
Year=2011; Rating=[4710000 - 4720000],1
Year=2010; Rating=[1650000 - 1660000],1
Year=2014; Rating=[2570000 - 2580000],1
Year=2015; Rating=[970000 - 980000],1
Year=2017; Rating=[2640000 - 2650000],1
Year=2016; Rating=[2020000 - 2030000],1
Year=2022; Rating=[910000 - 920000],1
Year=2021; Rating=[560000 - 570000],1
Year=2020; Rating=[610000 - 620000],1
Year=2011; Rating=[8230000 - 8240000],1
Year=2020; Rating=[720000 - 730000],2
Year=2015; Rating=[1030000 - 1040000],2
Year=2010; Rating=[11460000 - 11470000],1
Year=2018; Rating=[660000 - 670000],1
Year=2016; Rating=[2070000 - 2080000],1
Year=2016; Rating=[9570000 - 9580000],1
Year=2011; Rating=[1710000 - 1720000],1
Year=2017; Rating=[6330000 - 6340000],1
Year=2015; Rating=[1920000 - 1930000],1
Year=2013; Rating=[1380000 - 1390000],1
Year=2016; Rating=[1630000 - 1640000],1
Year=2017; Rating=[1520000 - 1530000],2
Year=2020; Rating=[1060000 - 1070000],1
Year=2013; Rating=[630000 - 640000],3
Year=2021; Rating=[2120000 - 2130000],1
Year=2013; Rating=[1580000 - 1590000],1
Year=2015; Rating=[600000 - 610000],1
Year=2013; Rating=[4850000 - 4860000],1
Year=2016; Rating=[5510000 - 5520000],1
Year=2015; Rating=[780000 - 790000],1
Year=2015; Rating=[1160000 - 1170000],1
Year=2017; Rating=[600000 - 610000],2
Year=2017; Rating=[2700000 - 2710000],1
Year=2018; Rating=[2000000 - 2010000],1
Year=2012; Rating=[1560000 - 1570000],1
Year=2021; Rating=[2090000 - 2100000],1
Year=2016; Rating=[560000 - 570000],2
Year=2016; Rating=[830000 - 840000],1
Year=2017; Rating=[3710000 - 3720000],1
Year=2015; Rating=[790000 - 800000],2
Year=2010; Rating=[680000 - 690000],1
Year=2015; Rating=[1800000 - 1810000],2
Year=2016; Rating=[570000 - 580000],4
Year=2019; Rating=[1950000 - 1960000],1
Year=2016; Rating=[1000000 - 1010000],2
Year=2019; Rating=[2590000 - 2600000],1
Year=2017; Rating=[1210000 - 1220000],1
Year=2018; Rating=[1070000 - 1080000],1
Year=2018; Rating=[1510000 - 1520000],1
Year=2017; Rating=[1330000 - 1340000],2
Year=2017; Rating=[1250000 - 1260000],1
Year=2021; Rating=[700000 - 710000],2
Year=2017; Rating=[1050000 - 1060000],2
Year=2018; Rating=[1140000 - 1150000],2
Year=2018; Rating=[1300000 - 1310000],1
Year=2012; Rating=[970000 - 980000],1
Year=2019; Rating=[460000 - 470000],3
Year=2015; Rating=[5020000 - 5030000],1
Year=2013; Rating=[1650000 - 1660000],1
Year=2015; Rating=[45980000 - 45990000],1
Year=2014; Rating=[1160000 - 1170000],1
Year=2012; Rating=[40560000 - 40570000],1
Year=2017; Rating=[3570000 - 3580000],1
Year=2016; Rating=[7050000 - 7060000],1
Year=2014; Rating=[1550000 - 1560000],1
Year=2017; Rating=[1190000 - 1200000],2
Year=2015; Rating=[1150000 - 1160000],2
Year=2014; Rating=[1860000 - 1870000],2
Year=2019; Rating=[1670000 - 1680000],1
Year=2018; Rating=[530000 - 540000],1
Year=2014; Rating=[1460000 - 1470000],1
Year=2015; Rating=[2670000 - 2680000],1
Year=2015; Rating=[1720000 - 1730000],1
Year=2018; Rating=[1200000 - 1210000],2
Year=2021; Rating=[1000000 - 1010000],1
Year=2012; Rating=[3630000 - 3640000],1
Year=2016; Rating=[870000 - 880000],2
Year=2015; Rating=[1080000 - 1090000],1
Year=2019; Rating=[590000 - 600000],2
Year=2017; Rating=[770000 - 780000],1
Year=2018; Rating=[1620000 - 1630000],1
Year=2014; Rating=[1620000 - 1630000],1
Year=2017; Rating=[740000 - 750000],1
Year=2018; Rating=[3900000 - 3910000],1
Year=2013; Rating=[1590000 - 1600000],1
Year=2020; Rating=[440000 - 450000],2
Year=2013; Rating=[12980000 - 12990000],1
Year=2013; Rating=[1820000 - 1830000],1
Year=2017; Rating=[2530000 - 2540000],1
Year=2014; Rating=[5680000 - 5690000],1
Year=2011; Rating=[2700000 - 2710000],1
Year=2012; Rating=[2670000 - 2680000],1
Year=2020; Rating=[690000 - 700000],1
Year=2018; Rating=[3230000 - 3240000],1
Year=2012; Rating=[1420000 - 1430000],1
Year=2017; Rating=[2620000 - 2630000],1
Year=2011; Rating=[4160000 - 4170000],1
Year=2016; Rating=[1190000 - 1200000],1
Year=2018; Rating=[1600000 - 1610000],1
Year=2010; Rating=[920000 - 930000],1
Year=2014; Rating=[2520000 - 2530000],1
Year=2015; Rating=[1290000 - 1300000],1
Year=2018; Rating=[21470000 - 21480000],1
Year=2013; Rating=[9610000 - 9620000],1
Year=2018; Rating=[1340000 - 1350000],1
Year=2016; Rating=[4990000 - 5000000],1
Year=2020; Rating=[890000 - 900000],1
Year=2011; Rating=[670000 - 680000],2
Year=2014; Rating=[1720000 - 1730000],1
Year=2012; Rating=[2140000 - 2150000],1
Year=2021; Rating=[1290000 - 1300000],1
Year=2011; Rating=[5040000 - 5050000],1
Year=2017; Rating=[2270000 - 2280000],1
Year=2017; Rating=[3240000 - 3250000],1
Year=2012; Rating=[2190000 - 2200000],1
Year=2015; Rating=[8110000 - 8120000],1
Year=2018; Rating=[2010000 - 2020000],1
Year=2018; Rating=[4180000 - 4190000],1
Year=2017; Rating=[1070000 - 1080000],1
Year=2016; Rating=[680000 - 690000],2
Year=2015; Rating=[1270000 - 1280000],2
Year=2014; Rating=[2070000 - 2080000],1
Year=2016; Rating=[1760000 - 1770000],1
Year=2018; Rating=[1590000 - 1600000],2
Year=2017; Rating=[1460000 - 1470000],1
Year=2012; Rating=[1140000 - 1150000],1
Year=2015; Rating=[700000 - 710000],2
Year=2014; Rating=[2460000 - 2470000],2
Year=2017; Rating=[2310000 - 2320000],2
Year=2014; Rating=[13760000 - 13770000],1
Year=2015; Rating=[2620000 - 2630000],1
Year=2020; Rating=[1590000 - 1600000],1
Year=2013; Rating=[3150000 - 3160000],1
Year=2014; Rating=[5910000 - 5920000],1
Year=2010; Rating=[4130000 - 4140000],2
Year=2018; Rating=[1860000 - 1870000],1
Year=2010; Rating=[3280000 - 3290000],1
Year=2011; Rating=[1180000 - 1190000],1
Year=2018; Rating=[520000 - 530000],3
Year=2012; Rating=[620000 - 630000],2
Year=2014; Rating=[26970000 - 26980000],1
Year=2021; Rating=[960000 - 970000],1
Year=2018; Rating=[3670000 - 3680000],1
Year=2016; Rating=[4440000 - 4450000],1
Year=2011; Rating=[2190000 - 2200000],1
Year=2013; Rating=[1420000 - 1430000],1
Year=2012; Rating=[1940000 - 1950000],1
Year=2013; Rating=[1320000 - 1330000],1
Year=2019; Rating=[370000 - 380000],4
Year=2013; Rating=[500000 - 510000],2
Year=2011; Rating=[810000 - 820000],1
Year=2019; Rating=[1170000 - 1180000],2
Year=2016; Rating=[2300000 - 2310000],1
Year=2014; Rating=[5360000 - 5370000],1
Year=2010; Rating=[340000 - 350000],2
Year=2020; Rating=[1500000 - 1510000],1
Year=2017; Rating=[4470000 - 4480000],1
Year=2015; Rating=[6800000 - 6810000],1
Year=2013; Rating=[1160000 - 1170000],1
Year=2021; Rating=[750000 - 760000],1
Year=2014; Rating=[1240000 - 1250000],1
Year=2015; Rating=[2350000 - 2360000],1
Year=2018; Rating=[4810000 - 4820000],1
Year=2011; Rating=[550000 - 560000],2
Year=2017; Rating=[870000 - 880000],1
Year=2010; Rating=[740000 - 750000],1
Year=2013; Rating=[2190000 - 2200000],1
Year=2010; Rating=[2260000 - 2270000],1
Year=2019; Rating=[1120000 - 1130000],2
Year=2011; Rating=[9420000 - 9430000],1
Year=2020; Rating=[3040000 - 3050000],1
Year=2016; Rating=[35250000 - 35260000],1
Year=2020; Rating=[400000 - 410000],1
Year=2019; Rating=[640000 - 650000],2
Year=2016; Rating=[2890000 - 2900000],1
Year=2019; Rating=[740000 - 750000],1
Year=2015; Rating=[660000 - 670000],1
Year=2016; Rating=[2530000 - 2540000],1
Year=2015; Rating=[1260000 - 1270000],1
Year=2022; Rating=[480000 - 490000],1
Year=2013; Rating=[59350000 - 59360000],1
Year=2012; Rating=[3320000 - 3330000],1
Year=2016; Rating=[4740000 - 4750000],1
Year=2020; Rating=[1210000 - 1220000],1
Year=2011; Rating=[580000 - 590000],1
Year=2014; Rating=[15840000 - 15850000],1
Year=2011; Rating=[2630000 - 2640000],1
Year=2019; Rating=[2250000 - 2260000],1
Year=2019; Rating=[1370000 - 1380000],1
Year=2015; Rating=[870000 - 880000],1
Year=2021; Rating=[1130000 - 1140000],1
Year=2019; Rating=[570000 - 580000],3
Year=2013; Rating=[2840000 - 2850000],2
Year=2013; Rating=[840000 - 850000],2
Year=2018; Rating=[650000 - 660000],3
Year=2015; Rating=[1130000 - 1140000],1
Year=2010; Rating=[410000 - 420000],1
Year=2013; Rating=[17420000 - 17430000],1
Year=2015; Rating=[1170000 - 1180000],1
Year=2012; Rating=[34800000 - 34810000],1
Year=2020; Rating=[560000 - 570000],1
Year=2019; Rating=[2710000 - 2720000],1
Year=2014; Rating=[7430000 - 7440000],1
Year=2013; Rating=[1020000 - 1030000],2
Year=2010; Rating=[490000 - 500000],1
Year=2015; Rating=[580000 - 590000],3
Year=2019; Rating=[2490000 - 2500000],1
Year=2013; Rating=[4870000 - 4880000],1
Year=2013; Rating=[710000 - 720000],1
Year=2010; Rating=[1590000 - 1600000],1
Year=2017; Rating=[2280000 - 2290000],2
Year=2010; Rating=[4650000 - 4660000],1
Year=2011; Rating=[22210000 - 22220000],1
Year=2018; Rating=[1120000 - 1130000],1
Year=2011; Rating=[1530000 - 1540000],1
Year=2011; Rating=[3890000 - 3900000],1
Year=2010; Rating=[4190000 - 4200000],1
Year=2010; Rating=[810000 - 820000],1
Year=2011; Rating=[6150000 - 6160000],1
Year=2011; Rating=[890000 - 900000],2
Year=2013; Rating=[1060000 - 1070000],1
Year=2015; Rating=[52130000 - 52140000],1
Year=2010; Rating=[450000 - 460000],1
Year=2017; Rating=[970000 - 980000],2
Year=2020; Rating=[2210000 - 2220000],1
Year=2010; Rating=[620000 - 630000],2
Year=2011; Rating=[280000 - 290000],2
Year=2013; Rating=[1700000 - 1710000],1
Year=2019; Rating=[2140000 - 2150000],1
Year=2014; Rating=[1610000 - 1620000],1
Year=2011; Rating=[1100000 - 1110000],1
Year=2013; Rating=[11450000 - 11460000],1
Year=2018; Rating=[6250000 - 6260000],1
Year=2012; Rating=[550000 - 560000],3
Year=2018; Rating=[1890000 - 1900000],1
Year=2010; Rating=[4350000 - 4360000],1
Year=2016; Rating=[1210000 - 1220000],1
Year=2013; Rating=[2110000 - 2120000],1
Year=2019; Rating=[970000 - 980000],1
Year=2011; Rating=[2950000 - 2960000],1
Year=2010; Rating=[1630000 - 1640000],2
Year=2011; Rating=[2590000 - 2600000],1
Year=2013; Rating=[1470000 - 1480000],2
Year=2015; Rating=[1220000 - 1230000],1
Year=2012; Rating=[2130000 - 2140000],2
Year=2015; Rating=[2640000 - 2650000],1
Year=2012; Rating=[2210000 - 2220000],1
Year=2012; Rating=[14210000 - 14220000],1
Year=2017; Rating=[530000 - 540000],3
Year=2011; Rating=[760000 - 770000],1
Year=2010; Rating=[3150000 - 3160000],1
Year=2019; Rating=[950000 - 960000],1
Year=2016; Rating=[5170000 - 5180000],1
Year=2010; Rating=[930000 - 940000],1
Year=2018; Rating=[900000 - 910000],1
Year=2014; Rating=[3220000 - 3230000],1
Year=2015; Rating=[1780000 - 1790000],1
Year=2010; Rating=[11810000 - 11820000],1
Year=2015; Rating=[2510000 - 2520000],1
Year=2016; Rating=[2690000 - 2700000],1
Year=2021; Rating=[500000 - 510000],1
Year=2013; Rating=[17490000 - 17500000],1
Year=2013; Rating=[1270000 - 1280000],3
Year=2011; Rating=[730000 - 740000],1
Year=2019; Rating=[1110000 - 1120000],1
Year=2010; Rating=[230000 - 240000],4
Year=2011; Rating=[650000 - 660000],1
Year=2013; Rating=[13520000 - 13530000],1
Year=2016; Rating=[3730000 - 3740000],1
Year=2012; Rating=[1430000 - 1440000],1
Year=2013; Rating=[610000 - 620000],4
Year=2014; Rating=[2510000 - 2520000],1
Year=2011; Rating=[7010000 - 7020000],1
Year=2014; Rating=[8550000 - 8560000],1
Year=2015; Rating=[4640000 - 4650000],1
Year=2021; Rating=[840000 - 850000],1
Year=2010; Rating=[870000 - 880000],1
Year=2016; Rating=[3160000 - 3170000],1
Year=2014; Rating=[2800000 - 2810000],1
Year=2013; Rating=[16760000 - 16770000],1
Year=2013; Rating=[650000 - 660000],1
Year=2013; Rating=[490000 - 500000],3
Year=2010; Rating=[1220000 - 1230000],1
Year=2014; Rating=[2160000 - 2170000],1
Year=2017; Rating=[11580000 - 11590000],1
Year=2011; Rating=[870000 - 880000],1
Year=2013; Rating=[12810000 - 12820000],1
Year=2011; Rating=[1330000 - 1340000],1
Year=2011; Rating=[2490000 - 2500000],1
Year=2018; Rating=[460000 - 470000],1
Year=2016; Rating=[1270000 - 1280000],1
Year=2013; Rating=[3860000 - 3870000],1
Year=2017; Rating=[1390000 - 1400000],1
Year=2017; Rating=[9600000 - 9610000],1
Year=2013; Rating=[1520000 - 1530000],1
Year=2016; Rating=[5900000 - 5910000],1
Year=2019; Rating=[940000 - 950000],1
Year=2014; Rating=[31600000 - 31610000],1
Year=2010; Rating=[2490000 - 2500000],1
Year=2018; Rating=[2710000 - 2720000],1
Year=2015; Rating=[3100000 - 3110000],1
Year=2022; Rating=[250000 - 260000],2
Year=2017; Rating=[1760000 - 1770000],1
Year=2011; Rating=[1260000 - 1270000],1
Year=2016; Rating=[1310000 - 1320000],1
Year=2011; Rating=[1810000 - 1820000],1
Year=2019; Rating=[1330000 - 1340000],1
Year=2012; Rating=[2620000 - 2630000],1
Year=2018; Rating=[2390000 - 2400000],1
Year=2017; Rating=[730000 - 740000],2
Year=2011; Rating=[2510000 - 2520000],1
Year=2018; Rating=[2680000 - 2690000],1
Year=2019; Rating=[5730000 - 5740000],1
Year=2016; Rating=[2750000 - 2760000],1
Year=2012; Rating=[2250000 - 2260000],1
Year=2022; Rating=[400000 - 410000],1
Year=2014; Rating=[1060000 - 1070000],1
Year=2012; Rating=[6830000 - 6840000],1
Year=2013; Rating=[4730000 - 4740000],1
Year=2010; Rating=[2510000 - 2520000],1
Year=2010; Rating=[1300000 - 1310000],1
Year=2011; Rating=[980000 - 990000],1
Year=2013; Rating=[870000 - 880000],1
Year=2020; Rating=[1050000 - 1060000],2
Year=2022; Rating=[420000 - 430000],1
Year=2022; Rating=[380000 - 390000],1
Year=2020; Rating=[780000 - 790000],1
Year=2014; Rating=[2610000 - 2620000],1
Year=2022; Rating=[150000 - 160000],1
Year=2022; Rating=[110000 - 120000],2
Year=2022; Rating=[170000 - 180000],3
Year=2012; Rating=[940000 - 950000],1
Year=2010; Rating=[1600000 - 1610000],1
Year=2019; Rating=[1390000 - 1400000],1
Year=2012; Rating=[2260000 - 2270000],1
Year=2022; Rating=[210000 - 220000],3
Year=2017; Rating=[1290000 - 1300000],1
Year=2017; Rating=[1560000 - 1570000],1
Year=2017; Rating=[890000 - 900000],1
Year=2010; Rating=[5990000 - 6000000],1
Year=2011; Rating=[1640000 - 1650000],1
Year=2012; Rating=[3340000 - 3350000],1
Year=2013; Rating=[1560000 - 1570000],1
Year=2011; Rating=[3060000 - 3070000],1
Year=2016; Rating=[1350000 - 1360000],2
Year=2012; Rating=[810000 - 820000],1
Year=2010; Rating=[5280000 - 5290000],1
Year=2018; Rating=[1150000 - 1160000],1
Year=2010; Rating=[750000 - 760000],1
Year=2016; Rating=[580000 - 590000],1
Year=2015; Rating=[1980000 - 1990000],1
Year=2014; Rating=[1890000 - 1900000],1
Year=2017; Rating=[2040000 - 2050000],1
Year=2014; Rating=[4850000 - 4860000],1
Year=2021; Rating=[8490000 - 8500000],1
Year=2010; Rating=[1750000 - 1760000],1
Year=2011; Rating=[1360000 - 1370000],1
Year=2015; Rating=[3690000 - 3700000],1
Year=2012; Rating=[880000 - 890000],1
Year=2016; Rating=[1460000 - 1470000],1
Year=2016; Rating=[2280000 - 2290000],1
Year=2017; Rating=[1110000 - 1120000],1
Year=2016; Rating=[1330000 - 1340000],1
Year=2016; Rating=[1360000 - 1370000],1
Year=2013; Rating=[1690000 - 1700000],1
Year=2018; Rating=[1180000 - 1190000],1
Year=2018; Rating=[1430000 - 1440000],1
Year=2016; Rating=[6410000 - 6420000],1
Year=2017; Rating=[710000 - 720000],1
Year=2011; Rating=[2100000 - 2110000],1
Year=2019; Rating=[2780000 - 2790000],1
Year=2011; Rating=[1420000 - 1430000],1
Year=2010; Rating=[1770000 - 1780000],1
Year=2012; Rating=[14620000 - 14630000],1
Year=2012; Rating=[1200000 - 1210000],1
Year=2012; Rating=[610000 - 620000],2
Year=2017; Rating=[1160000 - 1170000],1
Year=2011; Rating=[720000 - 730000],1
Year=2013; Rating=[2250000 - 2260000],1
Year=2012; Rating=[1840000 - 1850000],1
Year=2018; Rating=[1530000 - 1540000],1
Year=2012; Rating=[1710000 - 1720000],1
Year=2012; Rating=[1360000 - 1370000],1
Year=2017; Rating=[1860000 - 1870000],1
Year=2011; Rating=[1320000 - 1330000],1
Year=2017; Rating=[11200000 - 11210000],1
Year=2013; Rating=[860000 - 870000],1
Year=2013; Rating=[9880000 - 9890000],1
Year=2011; Rating=[1380000 - 1390000],1
Year=2015; Rating=[1910000 - 1920000],1
Year=2012; Rating=[10050000 - 10060000],1
Year=2020; Rating=[640000 - 650000],1
Year=2016; Rating=[4780000 - 4790000],1
Year=2015; Rating=[2940000 - 2950000],1
Year=2011; Rating=[690000 - 700000],1
Year=2015; Rating=[4970000 - 4980000],1
Year=2014; Rating=[480000 - 490000],2
Year=2012; Rating=[1860000 - 1870000],1
Year=2013; Rating=[2880000 - 2890000],1
Year=2010; Rating=[710000 - 720000],1
Year=2011; Rating=[6780000 - 6790000],1
Year=2012; Rating=[7170000 - 7180000],1
Year=2016; Rating=[3360000 - 3370000],1
Year=2011; Rating=[1450000 - 1460000],1
Year=2012; Rating=[2240000 - 2250000],1
Year=2013; Rating=[1670000 - 1680000],1
Year=2017; Rating=[1840000 - 1850000],1
Year=2015; Rating=[1210000 - 1220000],1
Year=2022; Rating=[180000 - 190000],1
Year=2012; Rating=[1810000 - 1820000],1
Year=2011; Rating=[1410000 - 1420000],1
Year=2010; Rating=[1500000 - 1510000],1
Year=2014; Rating=[3790000 - 3800000],1
Year=2017; Rating=[2070000 - 2080000],1
Year=2012; Rating=[2830000 - 2840000],1
Year=2013; Rating=[1090000 - 1100000],1
Year=2015; Rating=[1710000 - 1720000],1
Year=2018; Rating=[1220000 - 1230000],1
Year=2011; Rating=[1730000 - 1740000],1
Year=2021; Rating=[1010000 - 1020000],1
Year=2014; Rating=[4510000 - 4520000],1
Year=2009; Rating=[7540000 - 7550000],1
Year=2011; Rating=[2280000 - 2290000],1
Year=2009; Rating=[50000 - 60000],2
Year=2010; Rating=[1130000 - 1140000],1
Year=2009; Rating=[0 - 10000],84
Year=2018; Rating=[2870000 - 2880000],2
Year=2013; Rating=[2700000 - 2710000],1
Year=2014; Rating=[3410000 - 3420000],1
Year=2009; Rating=[10000 - 20000],4
Year=2021; Rating=[4790000 - 4800000],1
Year=2013; Rating=[130440000 - 130450000],1
Year=2020; Rating=[1360000 - 1370000],1
Year=2009; Rating=[250000 - 260000],1
Year=2009; Rating=[350000 - 360000],1
Year=2019; Rating=[2870000 - 2880000],1
Year=2009; Rating=[630000 - 640000],1
Year=2009; Rating=[20000 - 30000],1
Year=2017; Rating=[1430000 - 1440000],1
Year=2010; Rating=[770000 - 780000],1
Year=2021; Rating=[3400000 - 3410000],1
Year=2020; Rating=[820000 - 830000],1
Year=2010; Rating=[1320000 - 1330000],1
Year=2010; Rating=[910000 - 920000],1
Year=2011; Rating=[2660000 - 2670000],1
Year=2014; Rating=[6340000 - 6350000],1
Year=2016; Rating=[550000 - 560000],1
Year=2009; Rating=[640000 - 650000],1
Year=2014; Rating=[8630000 - 8640000],1
Year=2011; Rating=[8570000 - 8580000],1
Year=2019; Rating=[3480000 - 3490000],1
Year=2012; Rating=[2540000 - 2550000],1
Year=2012; Rating=[11300000 - 11310000],1
Year=2016; Rating=[2950000 - 2960000],1
Year=2011; Rating=[16310000 - 16320000],1
Year=2016; Rating=[1610000 - 1620000],1
Year=2009; Rating=[220000 - 230000],2
Year=2020; Rating=[1020000 - 1030000],1
Year=2009; Rating=[140000 - 150000],1
Year=2009; Rating=[60000 - 70000],1
Year=2013; Rating=[2970000 - 2980000],1
Year=2013; Rating=[6910000 - 6920000],1
Year=2014; Rating=[790000 - 800000],1
Year=2014; Rating=[1210000 - 1220000],1
Year=2013; Rating=[4100000 - 4110000],1
Year=2014; Rating=[4010000 - 4020000],1
Year=2019; Rating=[8200000 - 8210000],1
Year=2016; Rating=[2640000 - 2650000],1
Year=2012; Rating=[3280000 - 3290000],1
Year=2021; Rating=[580000 - 590000],1
Year=2018; Rating=[4900000 - 4910000],1
Year=2012; Rating=[5690000 - 5700000],1
Year=2013; Rating=[8520000 - 8530000],1
Year=2018; Rating=[1080000 - 1090000],1
Year=2012; Rating=[7530000 - 7540000],1
Year=2019; Rating=[3430000 - 3440000],1
Year=2016; Rating=[5650000 - 5660000],1
Year=2020; Rating=[830000 - 840000],1
Year=2014; Rating=[4610000 - 4620000],1
Year=2016; Rating=[3430000 - 3440000],1
Year=2018; Rating=[2330000 - 2340000],1
Year=2013; Rating=[7390000 - 7400000],1
Year=2011; Rating=[4210000 - 4220000],1
Year=2009; Rating=[490000 - 500000],1
Year=2010; Rating=[3370000 - 3380000],1
Year=2012; Rating=[2730000 - 2740000],1
Year=2019; Rating=[4820000 - 4830000],1
Year=2009; Rating=[90000 - 100000],1
Year=2016; Rating=[1500000 - 1510000],1
Year=2009; Rating=[70000 - 80000],1
Year=2009; Rating=[980000 - 990000],1
Year=2015; Rating=[2520000 - 2530000],1
Year=2015; Rating=[2600000 - 2610000],1
Year=2017; Rating=[3050000 - 3060000],1
Year=2010; Rating=[1880000 - 1890000],1
Year=2009; Rating=[110000 - 120000],1
Year=2020; Rating=[1120000 - 1130000],1
Year=2017; Rating=[3110000 - 3120000],1
Year=2021; Score=[0 - 1],664865
Year=2019; Score=[0 - 1],461023
Year=2022; Score=[0 - 1],557494
Year=2020; Score=[0 - 1],637929
Year=2015; Score=[0 - 1],71800
Year=2018; Score=[0 - 1],252282
Year=2017; Score=[0 - 1],175171
Year=2016; Score=[0 - 1],109308
Free=true; OffersIAP=0,3117913
Free=false; OffersIAP=0,102537
Free=true; OffersIAP=1,225755
AdSupported=true; ContainsAds=true,1498356
AdSupported=false; ContainsAds=false,1952707
Free=true; Reviews=[0 - 10000],3339970
Free=false; Reviews=[0 - 10000],107342
OffersIAP=1; Reviews=[0 - 10000],227993
OffersIAP=0; Reviews=[0 - 10000],3219319
Free=false; AdSupported=false; ContainsAds=false,100933
Free=true; AdSupported=true; ContainsAds=true,1491894
Free=true; AdSupported=false; ContainsAds=false,1851774
